policy_id,is_claim
ID50001,1
ID50002,0
ID50003,0
ID50004,1
ID50005,1
ID50006,0
ID50007,0
ID50008,1
ID50009,1
ID50010,0
ID50011,1
ID50012,1
ID50013,0
ID50014,1
ID50015,0
ID50016,1
ID50017,0
ID50018,0
ID50019,1
ID50020,1
ID50021,1
ID50022,0
ID50023,1
ID50024,1
ID50025,1
ID50026,1
ID50027,1
ID50028,0
ID50029,0
ID50030,1
ID50031,1
ID50032,0
ID50033,1
ID50034,0
ID50035,0
ID50036,1
ID50037,1
ID50038,1
ID50039,1
ID50040,1
ID50041,1
ID50042,1
ID50043,1
ID50044,0
ID50045,0
ID50046,1
ID50047,0
ID50048,1
ID50049,1
ID50050,1
ID50051,0
ID50052,0
ID50053,0
ID50054,0
ID50055,0
ID50056,0
ID50057,1
ID50058,0
ID50059,0
ID50060,1
ID50061,1
ID50062,0
ID50063,1
ID50064,1
ID50065,0
ID50066,1
ID50067,1
ID50068,0
ID50069,0
ID50070,1
ID50071,1
ID50072,0
ID50073,1
ID50074,1
ID50075,1
ID50076,1
ID50077,1
ID50078,0
ID50079,1
ID50080,1
ID50081,1
ID50082,1
ID50083,0
ID50084,1
ID50085,1
ID50086,1
ID50087,0
ID50088,1
ID50089,0
ID50090,1
ID50091,1
ID50092,0
ID50093,1
ID50094,0
ID50095,1
ID50096,0
ID50097,1
ID50098,0
ID50099,0
ID50100,1
ID50101,0
ID50102,1
ID50103,1
ID50104,0
ID50105,0
ID50106,0
ID50107,1
ID50108,0
ID50109,1
ID50110,1
ID50111,0
ID50112,1
ID50113,1
ID50114,0
ID50115,1
ID50116,0
ID50117,1
ID50118,0
ID50119,1
ID50120,0
ID50121,1
ID50122,1
ID50123,0
ID50124,1
ID50125,0
ID50126,0
ID50127,1
ID50128,0
ID50129,0
ID50130,1
ID50131,1
ID50132,0
ID50133,0
ID50134,1
ID50135,1
ID50136,0
ID50137,0
ID50138,1
ID50139,0
ID50140,0
ID50141,1
ID50142,1
ID50143,0
ID50144,0
ID50145,0
ID50146,1
ID50147,0
ID50148,1
ID50149,1
ID50150,1
ID50151,1
ID50152,0
ID50153,1
ID50154,1
ID50155,0
ID50156,0
ID50157,1
ID50158,1
ID50159,1
ID50160,0
ID50161,0
ID50162,0
ID50163,0
ID50164,1
ID50165,0
ID50166,0
ID50167,0
ID50168,1
ID50169,0
ID50170,1
ID50171,1
ID50172,1
ID50173,1
ID50174,0
ID50175,0
ID50176,1
ID50177,0
ID50178,0
ID50179,0
ID50180,0
ID50181,1
ID50182,1
ID50183,1
ID50184,1
ID50185,1
ID50186,0
ID50187,0
ID50188,1
ID50189,1
ID50190,0
ID50191,0
ID50192,1
ID50193,1
ID50194,1
ID50195,0
ID50196,0
ID50197,1
ID50198,1
ID50199,1
ID50200,1
ID50201,0
ID50202,0
ID50203,0
ID50204,0
ID50205,1
ID50206,1
ID50207,0
ID50208,0
ID50209,0
ID50210,1
ID50211,1
ID50212,0
ID50213,1
ID50214,0
ID50215,1
ID50216,0
ID50217,0
ID50218,0
ID50219,0
ID50220,1
ID50221,0
ID50222,0
ID50223,1
ID50224,1
ID50225,1
ID50226,1
ID50227,1
ID50228,1
ID50229,0
ID50230,1
ID50231,0
ID50232,0
ID50233,0
ID50234,0
ID50235,0
ID50236,0
ID50237,1
ID50238,1
ID50239,0
ID50240,1
ID50241,0
ID50242,1
ID50243,0
ID50244,1
ID50245,1
ID50246,1
ID50247,0
ID50248,0
ID50249,1
ID50250,1
ID50251,1
ID50252,0
ID50253,1
ID50254,0
ID50255,0
ID50256,0
ID50257,1
ID50258,1
ID50259,1
ID50260,0
ID50261,0
ID50262,0
ID50263,1
ID50264,0
ID50265,1
ID50266,0
ID50267,0
ID50268,1
ID50269,0
ID50270,1
ID50271,1
ID50272,0
ID50273,1
ID50274,0
ID50275,0
ID50276,1
ID50277,1
ID50278,0
ID50279,0
ID50280,1
ID50281,0
ID50282,0
ID50283,0
ID50284,0
ID50285,1
ID50286,0
ID50287,1
ID50288,0
ID50289,1
ID50290,1
ID50291,1
ID50292,0
ID50293,1
ID50294,0
ID50295,0
ID50296,1
ID50297,1
ID50298,0
ID50299,0
ID50300,0
ID50301,1
ID50302,1
ID50303,1
ID50304,0
ID50305,0
ID50306,0
ID50307,1
ID50308,0
ID50309,0
ID50310,1
ID50311,0
ID50312,0
ID50313,0
ID50314,0
ID50315,1
ID50316,0
ID50317,1
ID50318,0
ID50319,0
ID50320,1
ID50321,0
ID50322,1
ID50323,0
ID50324,1
ID50325,0
ID50326,0
ID50327,1
ID50328,1
ID50329,0
ID50330,0
ID50331,1
ID50332,1
ID50333,0
ID50334,0
ID50335,1
ID50336,1
ID50337,0
ID50338,0
ID50339,0
ID50340,1
ID50341,1
ID50342,1
ID50343,1
ID50344,1
ID50345,0
ID50346,1
ID50347,1
ID50348,0
ID50349,0
ID50350,0
ID50351,0
ID50352,0
ID50353,0
ID50354,0
ID50355,1
ID50356,1
ID50357,1
ID50358,0
ID50359,0
ID50360,0
ID50361,0
ID50362,0
ID50363,0
ID50364,1
ID50365,0
ID50366,1
ID50367,0
ID50368,0
ID50369,0
ID50370,1
ID50371,0
ID50372,0
ID50373,0
ID50374,0
ID50375,1
ID50376,1
ID50377,1
ID50378,1
ID50379,0
ID50380,1
ID50381,0
ID50382,0
ID50383,0
ID50384,1
ID50385,1
ID50386,0
ID50387,1
ID50388,1
ID50389,0
ID50390,1
ID50391,1
ID50392,1
ID50393,1
ID50394,0
ID50395,1
ID50396,0
ID50397,0
ID50398,1
ID50399,1
ID50400,0
ID50401,1
ID50402,0
ID50403,0
ID50404,1
ID50405,1
ID50406,0
ID50407,1
ID50408,0
ID50409,1
ID50410,0
ID50411,1
ID50412,0
ID50413,0
ID50414,1
ID50415,0
ID50416,0
ID50417,0
ID50418,1
ID50419,0
ID50420,1
ID50421,1
ID50422,1
ID50423,0
ID50424,0
ID50425,0
ID50426,0
ID50427,0
ID50428,0
ID50429,0
ID50430,1
ID50431,1
ID50432,1
ID50433,0
ID50434,0
ID50435,0
ID50436,0
ID50437,0
ID50438,0
ID50439,0
ID50440,1
ID50441,1
ID50442,1
ID50443,1
ID50444,0
ID50445,1
ID50446,0
ID50447,1
ID50448,0
ID50449,0
ID50450,0
ID50451,1
ID50452,0
ID50453,0
ID50454,0
ID50455,0
ID50456,0
ID50457,0
ID50458,1
ID50459,0
ID50460,1
ID50461,0
ID50462,1
ID50463,0
ID50464,1
ID50465,1
ID50466,1
ID50467,0
ID50468,1
ID50469,1
ID50470,1
ID50471,0
ID50472,0
ID50473,0
ID50474,1
ID50475,0
ID50476,0
ID50477,1
ID50478,1
ID50479,0
ID50480,1
ID50481,1
ID50482,0
ID50483,1
ID50484,1
ID50485,0
ID50486,0
ID50487,1
ID50488,0
ID50489,0
ID50490,0
ID50491,0
ID50492,0
ID50493,0
ID50494,1
ID50495,0
ID50496,0
ID50497,0
ID50498,0
ID50499,1
ID50500,1
ID50501,1
ID50502,1
ID50503,1
ID50504,0
ID50505,0
ID50506,0
ID50507,0
ID50508,0
ID50509,1
ID50510,0
ID50511,1
ID50512,1
ID50513,0
ID50514,0
ID50515,0
ID50516,1
ID50517,1
ID50518,1
ID50519,0
ID50520,1
ID50521,1
ID50522,1
ID50523,0
ID50524,0
ID50525,1
ID50526,1
ID50527,0
ID50528,1
ID50529,0
ID50530,0
ID50531,1
ID50532,1
ID50533,1
ID50534,1
ID50535,1
ID50536,0
ID50537,1
ID50538,1
ID50539,0
ID50540,1
ID50541,1
ID50542,1
ID50543,0
ID50544,1
ID50545,0
ID50546,1
ID50547,1
ID50548,1
ID50549,0
ID50550,0
ID50551,0
ID50552,0
ID50553,1
ID50554,0
ID50555,0
ID50556,0
ID50557,1
ID50558,0
ID50559,1
ID50560,0
ID50561,1
ID50562,1
ID50563,0
ID50564,0
ID50565,1
ID50566,0
ID50567,1
ID50568,0
ID50569,0
ID50570,1
ID50571,0
ID50572,1
ID50573,0
ID50574,1
ID50575,0
ID50576,0
ID50577,0
ID50578,0
ID50579,1
ID50580,1
ID50581,0
ID50582,1
ID50583,1
ID50584,0
ID50585,0
ID50586,0
ID50587,0
ID50588,1
ID50589,0
ID50590,0
ID50591,0
ID50592,1
ID50593,0
ID50594,1
ID50595,1
ID50596,1
ID50597,1
ID50598,0
ID50599,0
ID50600,0
ID50601,0
ID50602,1
ID50603,1
ID50604,0
ID50605,0
ID50606,0
ID50607,0
ID50608,0
ID50609,0
ID50610,0
ID50611,0
ID50612,1
ID50613,0
ID50614,0
ID50615,1
ID50616,1
ID50617,0
ID50618,1
ID50619,1
ID50620,1
ID50621,1
ID50622,1
ID50623,0
ID50624,1
ID50625,0
ID50626,1
ID50627,0
ID50628,0
ID50629,0
ID50630,0
ID50631,1
ID50632,0
ID50633,1
ID50634,0
ID50635,1
ID50636,1
ID50637,0
ID50638,0
ID50639,0
ID50640,1
ID50641,0
ID50642,0
ID50643,1
ID50644,1
ID50645,1
ID50646,0
ID50647,1
ID50648,1
ID50649,0
ID50650,0
ID50651,0
ID50652,0
ID50653,0
ID50654,0
ID50655,1
ID50656,1
ID50657,1
ID50658,1
ID50659,1
ID50660,1
ID50661,0
ID50662,1
ID50663,1
ID50664,1
ID50665,0
ID50666,1
ID50667,0
ID50668,1
ID50669,0
ID50670,0
ID50671,1
ID50672,0
ID50673,0
ID50674,1
ID50675,1
ID50676,1
ID50677,0
ID50678,1
ID50679,0
ID50680,1
ID50681,1
ID50682,0
ID50683,0
ID50684,1
ID50685,0
ID50686,0
ID50687,1
ID50688,0
ID50689,0
ID50690,0
ID50691,0
ID50692,0
ID50693,0
ID50694,1
ID50695,0
ID50696,1
ID50697,1
ID50698,0
ID50699,0
ID50700,0
ID50701,0
ID50702,0
ID50703,1
ID50704,0
ID50705,0
ID50706,1
ID50707,0
ID50708,1
ID50709,1
ID50710,0
ID50711,0
ID50712,0
ID50713,0
ID50714,1
ID50715,1
ID50716,0
ID50717,0
ID50718,0
ID50719,0
ID50720,0
ID50721,1
ID50722,1
ID50723,0
ID50724,1
ID50725,0
ID50726,1
ID50727,0
ID50728,1
ID50729,1
ID50730,1
ID50731,0
ID50732,0
ID50733,0
ID50734,0
ID50735,1
ID50736,0
ID50737,1
ID50738,1
ID50739,0
ID50740,0
ID50741,0
ID50742,1
ID50743,0
ID50744,1
ID50745,0
ID50746,1
ID50747,1
ID50748,1
ID50749,1
ID50750,1
ID50751,1
ID50752,1
ID50753,1
ID50754,1
ID50755,0
ID50756,0
ID50757,1
ID50758,1
ID50759,0
ID50760,1
ID50761,0
ID50762,1
ID50763,1
ID50764,1
ID50765,0
ID50766,0
ID50767,0
ID50768,0
ID50769,1
ID50770,0
ID50771,1
ID50772,0
ID50773,0
ID50774,1
ID50775,1
ID50776,0
ID50777,1
ID50778,1
ID50779,0
ID50780,0
ID50781,0
ID50782,1
ID50783,1
ID50784,0
ID50785,0
ID50786,1
ID50787,0
ID50788,1
ID50789,0
ID50790,1
ID50791,1
ID50792,0
ID50793,0
ID50794,1
ID50795,0
ID50796,1
ID50797,1
ID50798,0
ID50799,1
ID50800,1
ID50801,0
ID50802,0
ID50803,0
ID50804,0
ID50805,0
ID50806,1
ID50807,0
ID50808,0
ID50809,1
ID50810,1
ID50811,0
ID50812,0
ID50813,0
ID50814,0
ID50815,0
ID50816,0
ID50817,0
ID50818,1
ID50819,1
ID50820,1
ID50821,0
ID50822,0
ID50823,0
ID50824,1
ID50825,1
ID50826,1
ID50827,1
ID50828,0
ID50829,1
ID50830,0
ID50831,1
ID50832,1
ID50833,0
ID50834,1
ID50835,0
ID50836,0
ID50837,1
ID50838,0
ID50839,0
ID50840,0
ID50841,1
ID50842,0
ID50843,1
ID50844,1
ID50845,1
ID50846,0
ID50847,1
ID50848,0
ID50849,0
ID50850,1
ID50851,1
ID50852,0
ID50853,1
ID50854,1
ID50855,0
ID50856,1
ID50857,1
ID50858,1
ID50859,1
ID50860,1
ID50861,0
ID50862,0
ID50863,1
ID50864,0
ID50865,0
ID50866,0
ID50867,1
ID50868,1
ID50869,1
ID50870,1
ID50871,0
ID50872,1
ID50873,0
ID50874,0
ID50875,0
ID50876,0
ID50877,1
ID50878,0
ID50879,1
ID50880,1
ID50881,0
ID50882,0
ID50883,0
ID50884,1
ID50885,0
ID50886,1
ID50887,0
ID50888,1
ID50889,1
ID50890,0
ID50891,0
ID50892,0
ID50893,0
ID50894,1
ID50895,0
ID50896,0
ID50897,0
ID50898,0
ID50899,1
ID50900,1
ID50901,0
ID50902,1
ID50903,1
ID50904,0
ID50905,0
ID50906,1
ID50907,0
ID50908,1
ID50909,0
ID50910,1
ID50911,1
ID50912,0
ID50913,1
ID50914,1
ID50915,0
ID50916,0
ID50917,0
ID50918,1
ID50919,1
ID50920,1
ID50921,0
ID50922,1
ID50923,0
ID50924,1
ID50925,0
ID50926,1
ID50927,1
ID50928,1
ID50929,0
ID50930,1
ID50931,1
ID50932,0
ID50933,1
ID50934,1
ID50935,1
ID50936,0
ID50937,1
ID50938,0
ID50939,0
ID50940,1
ID50941,0
ID50942,0
ID50943,1
ID50944,1
ID50945,0
ID50946,0
ID50947,0
ID50948,0
ID50949,0
ID50950,0
ID50951,0
ID50952,1
ID50953,0
ID50954,1
ID50955,0
ID50956,1
ID50957,1
ID50958,1
ID50959,0
ID50960,0
ID50961,1
ID50962,0
ID50963,0
ID50964,1
ID50965,1
ID50966,1
ID50967,1
ID50968,0
ID50969,0
ID50970,1
ID50971,1
ID50972,0
ID50973,0
ID50974,1
ID50975,1
ID50976,1
ID50977,1
ID50978,1
ID50979,0
ID50980,0
ID50981,1
ID50982,1
ID50983,0
ID50984,1
ID50985,1
ID50986,1
ID50987,0
ID50988,0
ID50989,1
ID50990,1
ID50991,1
ID50992,1
ID50993,0
ID50994,0
ID50995,1
ID50996,1
ID50997,0
ID50998,0
ID50999,1
ID51000,0
ID51001,0
ID51002,0
ID51003,0
ID51004,0
ID51005,1
ID51006,1
ID51007,1
ID51008,0
ID51009,0
ID51010,1
ID51011,0
ID51012,0
ID51013,1
ID51014,0
ID51015,0
ID51016,0
ID51017,0
ID51018,1
ID51019,1
ID51020,1
ID51021,0
ID51022,0
ID51023,0
ID51024,1
ID51025,1
ID51026,0
ID51027,1
ID51028,1
ID51029,0
ID51030,0
ID51031,0
ID51032,0
ID51033,0
ID51034,1
ID51035,0
ID51036,1
ID51037,1
ID51038,1
ID51039,1
ID51040,1
ID51041,0
ID51042,1
ID51043,0
ID51044,0
ID51045,1
ID51046,1
ID51047,1
ID51048,1
ID51049,0
ID51050,1
ID51051,0
ID51052,1
ID51053,0
ID51054,1
ID51055,1
ID51056,1
ID51057,0
ID51058,1
ID51059,0
ID51060,1
ID51061,0
ID51062,0
ID51063,1
ID51064,1
ID51065,1
ID51066,0
ID51067,0
ID51068,0
ID51069,1
ID51070,0
ID51071,1
ID51072,0
ID51073,0
ID51074,0
ID51075,1
ID51076,1
ID51077,1
ID51078,0
ID51079,0
ID51080,1
ID51081,1
ID51082,0
ID51083,0
ID51084,0
ID51085,1
ID51086,1
ID51087,0
ID51088,0
ID51089,0
ID51090,1
ID51091,1
ID51092,1
ID51093,0
ID51094,1
ID51095,0
ID51096,1
ID51097,0
ID51098,0
ID51099,0
ID51100,0
ID51101,0
ID51102,0
ID51103,0
ID51104,1
ID51105,1
ID51106,0
ID51107,0
ID51108,0
ID51109,0
ID51110,0
ID51111,0
ID51112,1
ID51113,0
ID51114,1
ID51115,0
ID51116,1
ID51117,1
ID51118,1
ID51119,1
ID51120,0
ID51121,0
ID51122,0
ID51123,0
ID51124,0
ID51125,0
ID51126,1
ID51127,0
ID51128,0
ID51129,0
ID51130,1
ID51131,0
ID51132,1
ID51133,1
ID51134,0
ID51135,0
ID51136,1
ID51137,0
ID51138,0
ID51139,1
ID51140,0
ID51141,0
ID51142,0
ID51143,0
ID51144,1
ID51145,0
ID51146,0
ID51147,0
ID51148,1
ID51149,0
ID51150,1
ID51151,0
ID51152,0
ID51153,0
ID51154,1
ID51155,0
ID51156,1
ID51157,1
ID51158,1
ID51159,0
ID51160,1
ID51161,1
ID51162,0
ID51163,0
ID51164,0
ID51165,1
ID51166,0
ID51167,1
ID51168,0
ID51169,0
ID51170,1
ID51171,0
ID51172,0
ID51173,1
ID51174,1
ID51175,1
ID51176,1
ID51177,1
ID51178,0
ID51179,0
ID51180,0
ID51181,1
ID51182,1
ID51183,0
ID51184,0
ID51185,1
ID51186,0
ID51187,1
ID51188,0
ID51189,0
ID51190,1
ID51191,1
ID51192,1
ID51193,0
ID51194,1
ID51195,1
ID51196,0
ID51197,0
ID51198,1
ID51199,0
ID51200,0
ID51201,0
ID51202,0
ID51203,1
ID51204,0
ID51205,1
ID51206,0
ID51207,0
ID51208,1
ID51209,0
ID51210,0
ID51211,0
ID51212,0
ID51213,0
ID51214,0
ID51215,1
ID51216,0
ID51217,0
ID51218,1
ID51219,1
ID51220,0
ID51221,1
ID51222,1
ID51223,1
ID51224,1
ID51225,1
ID51226,0
ID51227,0
ID51228,0
ID51229,1
ID51230,1
ID51231,1
ID51232,0
ID51233,1
ID51234,1
ID51235,1
ID51236,0
ID51237,1
ID51238,1
ID51239,1
ID51240,0
ID51241,0
ID51242,0
ID51243,1
ID51244,1
ID51245,1
ID51246,1
ID51247,0
ID51248,0
ID51249,0
ID51250,0
ID51251,1
ID51252,1
ID51253,0
ID51254,1
ID51255,1
ID51256,0
ID51257,0
ID51258,0
ID51259,0
ID51260,1
ID51261,0
ID51262,0
ID51263,1
ID51264,0
ID51265,1
ID51266,1
ID51267,1
ID51268,1
ID51269,0
ID51270,1
ID51271,1
ID51272,1
ID51273,1
ID51274,0
ID51275,1
ID51276,0
ID51277,0
ID51278,0
ID51279,1
ID51280,1
ID51281,1
ID51282,0
ID51283,0
ID51284,0
ID51285,1
ID51286,0
ID51287,1
ID51288,1
ID51289,0
ID51290,0
ID51291,0
ID51292,1
ID51293,0
ID51294,0
ID51295,0
ID51296,1
ID51297,1
ID51298,1
ID51299,1
ID51300,1
ID51301,0
ID51302,1
ID51303,1
ID51304,0
ID51305,0
ID51306,1
ID51307,0
ID51308,0
ID51309,1
ID51310,0
ID51311,0
ID51312,0
ID51313,0
ID51314,0
ID51315,1
ID51316,0
ID51317,1
ID51318,0
ID51319,0
ID51320,1
ID51321,1
ID51322,0
ID51323,1
ID51324,1
ID51325,1
ID51326,1
ID51327,1
ID51328,0
ID51329,0
ID51330,1
ID51331,1
ID51332,1
ID51333,0
ID51334,0
ID51335,0
ID51336,0
ID51337,0
ID51338,0
ID51339,0
ID51340,1
ID51341,0
ID51342,0
ID51343,0
ID51344,0
ID51345,1
ID51346,1
ID51347,0
ID51348,0
ID51349,0
ID51350,0
ID51351,0
ID51352,0
ID51353,0
ID51354,0
ID51355,0
ID51356,0
ID51357,1
ID51358,0
ID51359,0
ID51360,0
ID51361,1
ID51362,0
ID51363,1
ID51364,1
ID51365,0
ID51366,1
ID51367,1
ID51368,0
ID51369,0
ID51370,0
ID51371,1
ID51372,1
ID51373,0
ID51374,0
ID51375,1
ID51376,0
ID51377,0
ID51378,0
ID51379,1
ID51380,0
ID51381,0
ID51382,1
ID51383,0
ID51384,1
ID51385,0
ID51386,0
ID51387,0
ID51388,0
ID51389,0
ID51390,1
ID51391,0
ID51392,0
ID51393,0
ID51394,1
ID51395,0
ID51396,0
ID51397,1
ID51398,0
ID51399,0
ID51400,1
ID51401,0
ID51402,1
ID51403,0
ID51404,1
ID51405,0
ID51406,1
ID51407,0
ID51408,0
ID51409,0
ID51410,1
ID51411,0
ID51412,0
ID51413,1
ID51414,1
ID51415,0
ID51416,0
ID51417,0
ID51418,1
ID51419,1
ID51420,1
ID51421,1
ID51422,1
ID51423,1
ID51424,0
ID51425,0
ID51426,0
ID51427,1
ID51428,1
ID51429,0
ID51430,0
ID51431,1
ID51432,1
ID51433,1
ID51434,0
ID51435,0
ID51436,1
ID51437,0
ID51438,1
ID51439,1
ID51440,1
ID51441,0
ID51442,0
ID51443,0
ID51444,0
ID51445,0
ID51446,1
ID51447,1
ID51448,1
ID51449,0
ID51450,1
ID51451,1
ID51452,1
ID51453,1
ID51454,0
ID51455,0
ID51456,1
ID51457,1
ID51458,0
ID51459,0
ID51460,0
ID51461,0
ID51462,1
ID51463,0
ID51464,1
ID51465,1
ID51466,0
ID51467,1
ID51468,0
ID51469,1
ID51470,1
ID51471,1
ID51472,0
ID51473,0
ID51474,1
ID51475,0
ID51476,1
ID51477,1
ID51478,0
ID51479,1
ID51480,0
ID51481,1
ID51482,1
ID51483,1
ID51484,0
ID51485,0
ID51486,0
ID51487,1
ID51488,1
ID51489,0
ID51490,0
ID51491,0
ID51492,1
ID51493,0
ID51494,1
ID51495,0
ID51496,0
ID51497,0
ID51498,1
ID51499,0
ID51500,0
ID51501,0
ID51502,1
ID51503,0
ID51504,1
ID51505,1
ID51506,1
ID51507,1
ID51508,0
ID51509,0
ID51510,1
ID51511,1
ID51512,0
ID51513,0
ID51514,1
ID51515,0
ID51516,1
ID51517,1
ID51518,0
ID51519,0
ID51520,1
ID51521,1
ID51522,0
ID51523,1
ID51524,1
ID51525,0
ID51526,1
ID51527,0
ID51528,0
ID51529,1
ID51530,0
ID51531,0
ID51532,0
ID51533,1
ID51534,1
ID51535,1
ID51536,0
ID51537,0
ID51538,0
ID51539,0
ID51540,0
ID51541,0
ID51542,1
ID51543,1
ID51544,1
ID51545,1
ID51546,0
ID51547,0
ID51548,1
ID51549,1
ID51550,0
ID51551,0
ID51552,1
ID51553,1
ID51554,1
ID51555,0
ID51556,1
ID51557,0
ID51558,0
ID51559,1
ID51560,0
ID51561,0
ID51562,1
ID51563,0
ID51564,0
ID51565,1
ID51566,0
ID51567,0
ID51568,1
ID51569,0
ID51570,0
ID51571,1
ID51572,1
ID51573,1
ID51574,0
ID51575,1
ID51576,1
ID51577,1
ID51578,0
ID51579,1
ID51580,1
ID51581,0
ID51582,1
ID51583,0
ID51584,0
ID51585,1
ID51586,0
ID51587,0
ID51588,0
ID51589,1
ID51590,0
ID51591,0
ID51592,0
ID51593,0
ID51594,1
ID51595,1
ID51596,0
ID51597,1
ID51598,1
ID51599,1
ID51600,1
ID51601,1
ID51602,0
ID51603,0
ID51604,1
ID51605,0
ID51606,1
ID51607,1
ID51608,1
ID51609,0
ID51610,0
ID51611,0
ID51612,0
ID51613,0
ID51614,1
ID51615,0
ID51616,1
ID51617,1
ID51618,1
ID51619,0
ID51620,1
ID51621,1
ID51622,0
ID51623,0
ID51624,1
ID51625,1
ID51626,1
ID51627,0
ID51628,1
ID51629,1
ID51630,1
ID51631,0
ID51632,1
ID51633,1
ID51634,0
ID51635,0
ID51636,1
ID51637,0
ID51638,0
ID51639,1
ID51640,0
ID51641,0
ID51642,0
ID51643,1
ID51644,1
ID51645,1
ID51646,1
ID51647,1
ID51648,0
ID51649,1
ID51650,1
ID51651,1
ID51652,0
ID51653,0
ID51654,1
ID51655,0
ID51656,0
ID51657,0
ID51658,0
ID51659,0
ID51660,0
ID51661,0
ID51662,1
ID51663,0
ID51664,1
ID51665,1
ID51666,0
ID51667,0
ID51668,0
ID51669,1
ID51670,1
ID51671,1
ID51672,0
ID51673,1
ID51674,0
ID51675,1
ID51676,1
ID51677,0
ID51678,1
ID51679,1
ID51680,1
ID51681,1
ID51682,0
ID51683,0
ID51684,1
ID51685,0
ID51686,1
ID51687,0
ID51688,1
ID51689,0
ID51690,0
ID51691,1
ID51692,0
ID51693,1
ID51694,0
ID51695,1
ID51696,0
ID51697,0
ID51698,1
ID51699,1
ID51700,1
ID51701,0
ID51702,0
ID51703,0
ID51704,0
ID51705,1
ID51706,0
ID51707,1
ID51708,0
ID51709,0
ID51710,0
ID51711,1
ID51712,0
ID51713,0
ID51714,0
ID51715,0
ID51716,1
ID51717,1
ID51718,0
ID51719,0
ID51720,0
ID51721,1
ID51722,1
ID51723,0
ID51724,1
ID51725,1
ID51726,1
ID51727,0
ID51728,0
ID51729,0
ID51730,1
ID51731,0
ID51732,1
ID51733,0
ID51734,1
ID51735,0
ID51736,0
ID51737,1
ID51738,0
ID51739,1
ID51740,1
ID51741,0
ID51742,0
ID51743,0
ID51744,0
ID51745,0
ID51746,1
ID51747,0
ID51748,1
ID51749,0
ID51750,0
ID51751,0
ID51752,0
ID51753,0
ID51754,0
ID51755,1
ID51756,1
ID51757,1
ID51758,1
ID51759,0
ID51760,1
ID51761,1
ID51762,1
ID51763,1
ID51764,1
ID51765,1
ID51766,0
ID51767,1
ID51768,1
ID51769,0
ID51770,0
ID51771,1
ID51772,1
ID51773,0
ID51774,1
ID51775,0
ID51776,0
ID51777,1
ID51778,0
ID51779,0
ID51780,1
ID51781,1
ID51782,0
ID51783,0
ID51784,0
ID51785,0
ID51786,0
ID51787,0
ID51788,0
ID51789,0
ID51790,0
ID51791,1
ID51792,1
ID51793,1
ID51794,0
ID51795,0
ID51796,0
ID51797,0
ID51798,1
ID51799,0
ID51800,0
ID51801,1
ID51802,0
ID51803,1
ID51804,1
ID51805,0
ID51806,0
ID51807,1
ID51808,0
ID51809,0
ID51810,0
ID51811,1
ID51812,1
ID51813,0
ID51814,0
ID51815,1
ID51816,1
ID51817,1
ID51818,0
ID51819,0
ID51820,1
ID51821,0
ID51822,1
ID51823,0
ID51824,0
ID51825,0
ID51826,1
ID51827,1
ID51828,1
ID51829,0
ID51830,0
ID51831,0
ID51832,0
ID51833,1
ID51834,1
ID51835,0
ID51836,0
ID51837,1
ID51838,1
ID51839,0
ID51840,0
ID51841,1
ID51842,0
ID51843,0
ID51844,1
ID51845,0
ID51846,0
ID51847,1
ID51848,1
ID51849,0
ID51850,0
ID51851,0
ID51852,0
ID51853,1
ID51854,1
ID51855,1
ID51856,0
ID51857,1
ID51858,0
ID51859,0
ID51860,0
ID51861,1
ID51862,1
ID51863,1
ID51864,1
ID51865,1
ID51866,0
ID51867,0
ID51868,0
ID51869,0
ID51870,1
ID51871,0
ID51872,0
ID51873,1
ID51874,1
ID51875,0
ID51876,0
ID51877,0
ID51878,0
ID51879,0
ID51880,1
ID51881,1
ID51882,0
ID51883,1
ID51884,0
ID51885,1
ID51886,1
ID51887,1
ID51888,1
ID51889,0
ID51890,1
ID51891,0
ID51892,0
ID51893,0
ID51894,1
ID51895,0
ID51896,1
ID51897,1
ID51898,1
ID51899,1
ID51900,0
ID51901,0
ID51902,1
ID51903,0
ID51904,1
ID51905,1
ID51906,0
ID51907,1
ID51908,0
ID51909,1
ID51910,1
ID51911,0
ID51912,1
ID51913,1
ID51914,1
ID51915,1
ID51916,1
ID51917,1
ID51918,0
ID51919,0
ID51920,1
ID51921,1
ID51922,1
ID51923,1
ID51924,1
ID51925,0
ID51926,1
ID51927,0
ID51928,1
ID51929,1
ID51930,0
ID51931,0
ID51932,1
ID51933,1
ID51934,1
ID51935,0
ID51936,1
ID51937,1
ID51938,0
ID51939,0
ID51940,0
ID51941,1
ID51942,1
ID51943,0
ID51944,1
ID51945,1
ID51946,1
ID51947,1
ID51948,1
ID51949,0
ID51950,1
ID51951,1
ID51952,1
ID51953,0
ID51954,0
ID51955,0
ID51956,0
ID51957,1
ID51958,1
ID51959,0
ID51960,1
ID51961,0
ID51962,1
ID51963,0
ID51964,1
ID51965,0
ID51966,1
ID51967,1
ID51968,1
ID51969,0
ID51970,1
ID51971,1
ID51972,0
ID51973,1
ID51974,1
ID51975,1
ID51976,0
ID51977,0
ID51978,1
ID51979,0
ID51980,1
ID51981,1
ID51982,0
ID51983,0
ID51984,0
ID51985,0
ID51986,1
ID51987,1
ID51988,0
ID51989,1
ID51990,0
ID51991,0
ID51992,0
ID51993,0
ID51994,1
ID51995,0
ID51996,1
ID51997,0
ID51998,1
ID51999,0
ID52000,0
ID52001,0
ID52002,0
ID52003,1
ID52004,0
ID52005,0
ID52006,1
ID52007,1
ID52008,0
ID52009,0
ID52010,0
ID52011,0
ID52012,0
ID52013,0
ID52014,0
ID52015,1
ID52016,0
ID52017,1
ID52018,0
ID52019,0
ID52020,0
ID52021,0
ID52022,0
ID52023,0
ID52024,1
ID52025,0
ID52026,1
ID52027,0
ID52028,1
ID52029,1
ID52030,1
ID52031,1
ID52032,0
ID52033,1
ID52034,0
ID52035,1
ID52036,0
ID52037,0
ID52038,1
ID52039,1
ID52040,1
ID52041,1
ID52042,0
ID52043,1
ID52044,1
ID52045,0
ID52046,0
ID52047,0
ID52048,0
ID52049,0
ID52050,1
ID52051,0
ID52052,0
ID52053,1
ID52054,0
ID52055,1
ID52056,1
ID52057,1
ID52058,1
ID52059,1
ID52060,1
ID52061,0
ID52062,0
ID52063,1
ID52064,0
ID52065,1
ID52066,0
ID52067,1
ID52068,1
ID52069,0
ID52070,1
ID52071,1
ID52072,0
ID52073,1
ID52074,1
ID52075,0
ID52076,0
ID52077,1
ID52078,0
ID52079,1
ID52080,1
ID52081,0
ID52082,1
ID52083,1
ID52084,1
ID52085,0
ID52086,1
ID52087,0
ID52088,0
ID52089,0
ID52090,1
ID52091,0
ID52092,1
ID52093,0
ID52094,1
ID52095,1
ID52096,1
ID52097,1
ID52098,1
ID52099,0
ID52100,1
ID52101,1
ID52102,1
ID52103,0
ID52104,0
ID52105,0
ID52106,0
ID52107,1
ID52108,0
ID52109,1
ID52110,0
ID52111,1
ID52112,0
ID52113,0
ID52114,1
ID52115,1
ID52116,1
ID52117,0
ID52118,1
ID52119,1
ID52120,0
ID52121,1
ID52122,0
ID52123,0
ID52124,0
ID52125,1
ID52126,0
ID52127,0
ID52128,0
ID52129,1
ID52130,0
ID52131,0
ID52132,1
ID52133,1
ID52134,0
ID52135,1
ID52136,1
ID52137,1
ID52138,0
ID52139,1
ID52140,0
ID52141,1
ID52142,1
ID52143,1
ID52144,1
ID52145,0
ID52146,0
ID52147,0
ID52148,0
ID52149,1
ID52150,1
ID52151,0
ID52152,0
ID52153,1
ID52154,1
ID52155,0
ID52156,0
ID52157,0
ID52158,0
ID52159,0
ID52160,1
ID52161,1
ID52162,1
ID52163,1
ID52164,1
ID52165,0
ID52166,0
ID52167,1
ID52168,0
ID52169,0
ID52170,0
ID52171,1
ID52172,1
ID52173,1
ID52174,0
ID52175,0
ID52176,1
ID52177,1
ID52178,0
ID52179,0
ID52180,0
ID52181,0
ID52182,0
ID52183,0
ID52184,1
ID52185,1
ID52186,1
ID52187,0
ID52188,0
ID52189,0
ID52190,0
ID52191,1
ID52192,0
ID52193,1
ID52194,1
ID52195,0
ID52196,0
ID52197,1
ID52198,0
ID52199,0
ID52200,1
ID52201,0
ID52202,0
ID52203,1
ID52204,0
ID52205,1
ID52206,0
ID52207,1
ID52208,1
ID52209,1
ID52210,1
ID52211,0
ID52212,0
ID52213,1
ID52214,1
ID52215,0
ID52216,0
ID52217,1
ID52218,1
ID52219,1
ID52220,1
ID52221,0
ID52222,0
ID52223,1
ID52224,0
ID52225,0
ID52226,0
ID52227,1
ID52228,0
ID52229,1
ID52230,1
ID52231,1
ID52232,0
ID52233,0
ID52234,0
ID52235,0
ID52236,1
ID52237,1
ID52238,0
ID52239,1
ID52240,0
ID52241,1
ID52242,1
ID52243,1
ID52244,1
ID52245,0
ID52246,1
ID52247,1
ID52248,0
ID52249,1
ID52250,0
ID52251,0
ID52252,1
ID52253,1
ID52254,0
ID52255,0
ID52256,0
ID52257,1
ID52258,1
ID52259,1
ID52260,0
ID52261,0
ID52262,1
ID52263,0
ID52264,1
ID52265,0
ID52266,0
ID52267,1
ID52268,1
ID52269,1
ID52270,1
ID52271,1
ID52272,1
ID52273,0
ID52274,1
ID52275,0
ID52276,0
ID52277,0
ID52278,1
ID52279,0
ID52280,0
ID52281,0
ID52282,1
ID52283,0
ID52284,0
ID52285,1
ID52286,0
ID52287,0
ID52288,0
ID52289,0
ID52290,0
ID52291,0
ID52292,0
ID52293,0
ID52294,1
ID52295,0
ID52296,1
ID52297,1
ID52298,0
ID52299,1
ID52300,0
ID52301,0
ID52302,0
ID52303,1
ID52304,1
ID52305,0
ID52306,0
ID52307,1
ID52308,1
ID52309,0
ID52310,0
ID52311,1
ID52312,1
ID52313,0
ID52314,1
ID52315,0
ID52316,1
ID52317,1
ID52318,0
ID52319,1
ID52320,0
ID52321,1
ID52322,1
ID52323,0
ID52324,0
ID52325,0
ID52326,0
ID52327,1
ID52328,0
ID52329,0
ID52330,0
ID52331,0
ID52332,0
ID52333,1
ID52334,1
ID52335,0
ID52336,0
ID52337,1
ID52338,0
ID52339,0
ID52340,1
ID52341,0
ID52342,0
ID52343,0
ID52344,1
ID52345,0
ID52346,1
ID52347,0
ID52348,1
ID52349,1
ID52350,1
ID52351,0
ID52352,1
ID52353,1
ID52354,0
ID52355,1
ID52356,0
ID52357,0
ID52358,1
ID52359,0
ID52360,1
ID52361,1
ID52362,0
ID52363,0
ID52364,0
ID52365,1
ID52366,1
ID52367,0
ID52368,0
ID52369,0
ID52370,0
ID52371,0
ID52372,0
ID52373,0
ID52374,1
ID52375,1
ID52376,1
ID52377,0
ID52378,0
ID52379,1
ID52380,0
ID52381,0
ID52382,1
ID52383,0
ID52384,0
ID52385,0
ID52386,1
ID52387,0
ID52388,1
ID52389,1
ID52390,1
ID52391,1
ID52392,0
ID52393,0
ID52394,1
ID52395,0
ID52396,0
ID52397,1
ID52398,1
ID52399,1
ID52400,1
ID52401,1
ID52402,1
ID52403,0
ID52404,0
ID52405,0
ID52406,1
ID52407,1
ID52408,1
ID52409,0
ID52410,1
ID52411,1
ID52412,1
ID52413,0
ID52414,1
ID52415,0
ID52416,0
ID52417,1
ID52418,0
ID52419,1
ID52420,1
ID52421,0
ID52422,0
ID52423,0
ID52424,0
ID52425,1
ID52426,1
ID52427,0
ID52428,1
ID52429,1
ID52430,1
ID52431,1
ID52432,0
ID52433,1
ID52434,1
ID52435,0
ID52436,1
ID52437,0
ID52438,1
ID52439,1
ID52440,1
ID52441,1
ID52442,1
ID52443,1
ID52444,1
ID52445,0
ID52446,0
ID52447,1
ID52448,0
ID52449,0
ID52450,1
ID52451,0
ID52452,0
ID52453,1
ID52454,0
ID52455,1
ID52456,0
ID52457,1
ID52458,1
ID52459,0
ID52460,0
ID52461,1
ID52462,0
ID52463,1
ID52464,0
ID52465,0
ID52466,0
ID52467,1
ID52468,1
ID52469,0
ID52470,0
ID52471,0
ID52472,0
ID52473,1
ID52474,0
ID52475,0
ID52476,0
ID52477,1
ID52478,0
ID52479,0
ID52480,1
ID52481,1
ID52482,0
ID52483,0
ID52484,1
ID52485,0
ID52486,1
ID52487,0
ID52488,1
ID52489,0
ID52490,0
ID52491,0
ID52492,0
ID52493,1
ID52494,0
ID52495,0
ID52496,0
ID52497,1
ID52498,0
ID52499,0
ID52500,1
ID52501,1
ID52502,0
ID52503,1
ID52504,1
ID52505,1
ID52506,1
ID52507,1
ID52508,1
ID52509,1
ID52510,0
ID52511,1
ID52512,1
ID52513,0
ID52514,0
ID52515,0
ID52516,0
ID52517,1
ID52518,0
ID52519,0
ID52520,0
ID52521,0
ID52522,0
ID52523,0
ID52524,1
ID52525,1
ID52526,0
ID52527,1
ID52528,1
ID52529,0
ID52530,1
ID52531,0
ID52532,1
ID52533,0
ID52534,0
ID52535,1
ID52536,0
ID52537,0
ID52538,1
ID52539,0
ID52540,0
ID52541,1
ID52542,1
ID52543,1
ID52544,0
ID52545,1
ID52546,0
ID52547,1
ID52548,1
ID52549,0
ID52550,1
ID52551,1
ID52552,0
ID52553,0
ID52554,0
ID52555,1
ID52556,0
ID52557,0
ID52558,1
ID52559,0
ID52560,1
ID52561,1
ID52562,1
ID52563,1
ID52564,0
ID52565,0
ID52566,0
ID52567,0
ID52568,1
ID52569,1
ID52570,0
ID52571,1
ID52572,1
ID52573,0
ID52574,1
ID52575,0
ID52576,1
ID52577,1
ID52578,0
ID52579,1
ID52580,1
ID52581,0
ID52582,1
ID52583,1
ID52584,1
ID52585,1
ID52586,0
ID52587,0
ID52588,0
ID52589,0
ID52590,1
ID52591,0
ID52592,1
ID52593,0
ID52594,0
ID52595,1
ID52596,1
ID52597,0
ID52598,1
ID52599,0
ID52600,0
ID52601,0
ID52602,1
ID52603,1
ID52604,0
ID52605,0
ID52606,1
ID52607,0
ID52608,0
ID52609,1
ID52610,0
ID52611,0
ID52612,1
ID52613,0
ID52614,1
ID52615,0
ID52616,0
ID52617,0
ID52618,0
ID52619,1
ID52620,1
ID52621,1
ID52622,1
ID52623,0
ID52624,0
ID52625,0
ID52626,0
ID52627,0
ID52628,1
ID52629,0
ID52630,0
ID52631,1
ID52632,1
ID52633,0
ID52634,0
ID52635,0
ID52636,1
ID52637,0
ID52638,1
ID52639,0
ID52640,0
ID52641,1
ID52642,0
ID52643,1
ID52644,0
ID52645,1
ID52646,1
ID52647,0
ID52648,0
ID52649,0
ID52650,1
ID52651,0
ID52652,0
ID52653,0
ID52654,1
ID52655,0
ID52656,0
ID52657,0
ID52658,0
ID52659,0
ID52660,0
ID52661,0
ID52662,1
ID52663,0
ID52664,0
ID52665,0
ID52666,0
ID52667,1
ID52668,0
ID52669,1
ID52670,0
ID52671,0
ID52672,1
ID52673,1
ID52674,0
ID52675,1
ID52676,1
ID52677,0
ID52678,1
ID52679,0
ID52680,1
ID52681,0
ID52682,0
ID52683,1
ID52684,1
ID52685,0
ID52686,1
ID52687,0
ID52688,1
ID52689,1
ID52690,1
ID52691,0
ID52692,0
ID52693,0
ID52694,0
ID52695,0
ID52696,0
ID52697,1
ID52698,0
ID52699,1
ID52700,0
ID52701,0
ID52702,1
ID52703,1
ID52704,1
ID52705,1
ID52706,0
ID52707,0
ID52708,1
ID52709,1
ID52710,0
ID52711,1
ID52712,1
ID52713,1
ID52714,0
ID52715,0
ID52716,0
ID52717,0
ID52718,0
ID52719,1
ID52720,0
ID52721,0
ID52722,1
ID52723,1
ID52724,0
ID52725,1
ID52726,1
ID52727,1
ID52728,1
ID52729,1
ID52730,1
ID52731,0
ID52732,0
ID52733,0
ID52734,0
ID52735,0
ID52736,1
ID52737,0
ID52738,0
ID52739,0
ID52740,0
ID52741,1
ID52742,1
ID52743,1
ID52744,1
ID52745,0
ID52746,1
ID52747,1
ID52748,1
ID52749,0
ID52750,0
ID52751,1
ID52752,1
ID52753,1
ID52754,1
ID52755,1
ID52756,0
ID52757,0
ID52758,0
ID52759,1
ID52760,1
ID52761,1
ID52762,0
ID52763,0
ID52764,1
ID52765,1
ID52766,0
ID52767,1
ID52768,0
ID52769,1
ID52770,0
ID52771,1
ID52772,1
ID52773,1
ID52774,0
ID52775,0
ID52776,1
ID52777,1
ID52778,1
ID52779,0
ID52780,0
ID52781,1
ID52782,1
ID52783,0
ID52784,0
ID52785,1
ID52786,1
ID52787,0
ID52788,1
ID52789,1
ID52790,0
ID52791,0
ID52792,1
ID52793,0
ID52794,0
ID52795,1
ID52796,1
ID52797,0
ID52798,1
ID52799,1
ID52800,0
ID52801,1
ID52802,0
ID52803,1
ID52804,0
ID52805,0
ID52806,0
ID52807,1
ID52808,0
ID52809,0
ID52810,1
ID52811,1
ID52812,0
ID52813,1
ID52814,0
ID52815,0
ID52816,0
ID52817,0
ID52818,0
ID52819,1
ID52820,0
ID52821,1
ID52822,1
ID52823,0
ID52824,0
ID52825,1
ID52826,0
ID52827,1
ID52828,1
ID52829,1
ID52830,1
ID52831,0
ID52832,0
ID52833,0
ID52834,1
ID52835,1
ID52836,1
ID52837,0
ID52838,0
ID52839,0
ID52840,1
ID52841,1
ID52842,0
ID52843,1
ID52844,1
ID52845,0
ID52846,1
ID52847,1
ID52848,1
ID52849,1
ID52850,1
ID52851,1
ID52852,0
ID52853,0
ID52854,0
ID52855,1
ID52856,0
ID52857,0
ID52858,1
ID52859,0
ID52860,0
ID52861,0
ID52862,1
ID52863,0
ID52864,0
ID52865,0
ID52866,1
ID52867,1
ID52868,0
ID52869,0
ID52870,0
ID52871,0
ID52872,0
ID52873,1
ID52874,0
ID52875,1
ID52876,1
ID52877,1
ID52878,1
ID52879,1
ID52880,0
ID52881,0
ID52882,0
ID52883,1
ID52884,0
ID52885,0
ID52886,0
ID52887,1
ID52888,0
ID52889,0
ID52890,0
ID52891,1
ID52892,1
ID52893,0
ID52894,0
ID52895,1
ID52896,1
ID52897,1
ID52898,0
ID52899,1
ID52900,0
ID52901,0
ID52902,0
ID52903,0
ID52904,1
ID52905,1
ID52906,0
ID52907,1
ID52908,0
ID52909,1
ID52910,1
ID52911,1
ID52912,1
ID52913,1
ID52914,0
ID52915,0
ID52916,1
ID52917,1
ID52918,1
ID52919,1
ID52920,0
ID52921,1
ID52922,1
ID52923,1
ID52924,1
ID52925,1
ID52926,1
ID52927,0
ID52928,0
ID52929,1
ID52930,0
ID52931,0
ID52932,0
ID52933,0
ID52934,0
ID52935,0
ID52936,1
ID52937,0
ID52938,0
ID52939,0
ID52940,0
ID52941,0
ID52942,0
ID52943,1
ID52944,1
ID52945,0
ID52946,1
ID52947,1
ID52948,1
ID52949,0
ID52950,0
ID52951,0
ID52952,1
ID52953,1
ID52954,1
ID52955,0
ID52956,0
ID52957,0
ID52958,0
ID52959,1
ID52960,1
ID52961,0
ID52962,0
ID52963,0
ID52964,1
ID52965,1
ID52966,1
ID52967,1
ID52968,1
ID52969,0
ID52970,0
ID52971,0
ID52972,1
ID52973,1
ID52974,1
ID52975,0
ID52976,1
ID52977,0
ID52978,1
ID52979,1
ID52980,1
ID52981,1
ID52982,1
ID52983,1
ID52984,0
ID52985,0
ID52986,1
ID52987,0
ID52988,0
ID52989,0
ID52990,0
ID52991,1
ID52992,1
ID52993,0
ID52994,1
ID52995,0
ID52996,1
ID52997,0
ID52998,0
ID52999,1
ID53000,0
ID53001,1
ID53002,0
ID53003,0
ID53004,1
ID53005,1
ID53006,1
ID53007,0
ID53008,1
ID53009,1
ID53010,1
ID53011,1
ID53012,0
ID53013,0
ID53014,0
ID53015,0
ID53016,0
ID53017,1
ID53018,0
ID53019,1
ID53020,1
ID53021,0
ID53022,0
ID53023,0
ID53024,1
ID53025,1
ID53026,1
ID53027,0
ID53028,0
ID53029,1
ID53030,1
ID53031,0
ID53032,0
ID53033,1
ID53034,1
ID53035,0
ID53036,1
ID53037,0
ID53038,1
ID53039,0
ID53040,1
ID53041,1
ID53042,0
ID53043,1
ID53044,0
ID53045,1
ID53046,0
ID53047,0
ID53048,0
ID53049,0
ID53050,0
ID53051,1
ID53052,1
ID53053,1
ID53054,0
ID53055,0
ID53056,1
ID53057,0
ID53058,0
ID53059,0
ID53060,0
ID53061,1
ID53062,0
ID53063,0
ID53064,1
ID53065,1
ID53066,1
ID53067,1
ID53068,1
ID53069,0
ID53070,0
ID53071,0
ID53072,1
ID53073,1
ID53074,0
ID53075,0
ID53076,0
ID53077,0
ID53078,0
ID53079,0
ID53080,0
ID53081,0
ID53082,0
ID53083,1
ID53084,1
ID53085,1
ID53086,1
ID53087,0
ID53088,0
ID53089,1
ID53090,1
ID53091,0
ID53092,0
ID53093,0
ID53094,1
ID53095,1
ID53096,1
ID53097,0
ID53098,0
ID53099,0
ID53100,0
ID53101,1
ID53102,0
ID53103,0
ID53104,1
ID53105,1
ID53106,1
ID53107,0
ID53108,1
ID53109,1
ID53110,1
ID53111,1
ID53112,1
ID53113,0
ID53114,0
ID53115,0
ID53116,0
ID53117,1
ID53118,1
ID53119,0
ID53120,1
ID53121,0
ID53122,0
ID53123,1
ID53124,1
ID53125,1
ID53126,0
ID53127,0
ID53128,0
ID53129,1
ID53130,1
ID53131,1
ID53132,0
ID53133,1
ID53134,0
ID53135,1
ID53136,0
ID53137,0
ID53138,0
ID53139,1
ID53140,0
ID53141,0
ID53142,0
ID53143,1
ID53144,0
ID53145,0
ID53146,1
ID53147,1
ID53148,0
ID53149,0
ID53150,1
ID53151,0
ID53152,0
ID53153,0
ID53154,0
ID53155,1
ID53156,0
ID53157,1
ID53158,1
ID53159,0
ID53160,1
ID53161,1
ID53162,0
ID53163,0
ID53164,1
ID53165,1
ID53166,1
ID53167,0
ID53168,0
ID53169,0
ID53170,0
ID53171,1
ID53172,0
ID53173,0
ID53174,1
ID53175,0
ID53176,0
ID53177,0
ID53178,0
ID53179,1
ID53180,1
ID53181,0
ID53182,1
ID53183,0
ID53184,1
ID53185,1
ID53186,0
ID53187,1
ID53188,1
ID53189,1
ID53190,1
ID53191,1
ID53192,0
ID53193,0
ID53194,0
ID53195,1
ID53196,1
ID53197,1
ID53198,0
ID53199,1
ID53200,1
ID53201,1
ID53202,1
ID53203,0
ID53204,1
ID53205,0
ID53206,1
ID53207,1
ID53208,1
ID53209,1
ID53210,0
ID53211,0
ID53212,0
ID53213,0
ID53214,0
ID53215,1
ID53216,0
ID53217,0
ID53218,0
ID53219,1
ID53220,0
ID53221,0
ID53222,0
ID53223,1
ID53224,0
ID53225,1
ID53226,0
ID53227,1
ID53228,0
ID53229,0
ID53230,0
ID53231,0
ID53232,1
ID53233,0
ID53234,1
ID53235,0
ID53236,1
ID53237,0
ID53238,0
ID53239,0
ID53240,0
ID53241,1
ID53242,0
ID53243,0
ID53244,1
ID53245,0
ID53246,0
ID53247,0
ID53248,0
ID53249,1
ID53250,0
ID53251,0
ID53252,1
ID53253,1
ID53254,1
ID53255,1
ID53256,1
ID53257,1
ID53258,0
ID53259,0
ID53260,0
ID53261,1
ID53262,0
ID53263,0
ID53264,0
ID53265,0
ID53266,1
ID53267,0
ID53268,1
ID53269,0
ID53270,0
ID53271,0
ID53272,0
ID53273,1
ID53274,0
ID53275,1
ID53276,0
ID53277,0
ID53278,0
ID53279,1
ID53280,0
ID53281,1
ID53282,0
ID53283,1
ID53284,0
ID53285,1
ID53286,0
ID53287,1
ID53288,1
ID53289,0
ID53290,0
ID53291,1
ID53292,1
ID53293,0
ID53294,1
ID53295,0
ID53296,0
ID53297,1
ID53298,0
ID53299,1
ID53300,0
ID53301,0
ID53302,0
ID53303,1
ID53304,0
ID53305,0
ID53306,0
ID53307,0
ID53308,0
ID53309,0
ID53310,0
ID53311,1
ID53312,0
ID53313,0
ID53314,0
ID53315,1
ID53316,0
ID53317,0
ID53318,1
ID53319,1
ID53320,1
ID53321,0
ID53322,1
ID53323,1
ID53324,0
ID53325,0
ID53326,0
ID53327,1
ID53328,1
ID53329,1
ID53330,0
ID53331,0
ID53332,1
ID53333,0
ID53334,1
ID53335,1
ID53336,0
ID53337,0
ID53338,0
ID53339,0
ID53340,1
ID53341,1
ID53342,1
ID53343,0
ID53344,1
ID53345,0
ID53346,1
ID53347,1
ID53348,1
ID53349,0
ID53350,0
ID53351,0
ID53352,0
ID53353,1
ID53354,1
ID53355,0
ID53356,1
ID53357,0
ID53358,0
ID53359,0
ID53360,1
ID53361,1
ID53362,0
ID53363,0
ID53364,0
ID53365,1
ID53366,0
ID53367,1
ID53368,0
ID53369,1
ID53370,0
ID53371,0
ID53372,0
ID53373,0
ID53374,1
ID53375,0
ID53376,0
ID53377,1
ID53378,0
ID53379,1
ID53380,0
ID53381,0
ID53382,1
ID53383,0
ID53384,0
ID53385,0
ID53386,0
ID53387,1
ID53388,1
ID53389,1
ID53390,0
ID53391,0
ID53392,0
ID53393,0
ID53394,0
ID53395,1
ID53396,0
ID53397,1
ID53398,0
ID53399,1
ID53400,0
ID53401,0
ID53402,0
ID53403,0
ID53404,0
ID53405,0
ID53406,0
ID53407,1
ID53408,0
ID53409,0
ID53410,1
ID53411,0
ID53412,1
ID53413,0
ID53414,1
ID53415,0
ID53416,1
ID53417,0
ID53418,0
ID53419,0
ID53420,0
ID53421,1
ID53422,0
ID53423,0
ID53424,0
ID53425,1
ID53426,0
ID53427,1
ID53428,1
ID53429,0
ID53430,0
ID53431,0
ID53432,1
ID53433,1
ID53434,1
ID53435,0
ID53436,1
ID53437,1
ID53438,0
ID53439,0
ID53440,1
ID53441,0
ID53442,1
ID53443,1
ID53444,1
ID53445,1
ID53446,0
ID53447,1
ID53448,1
ID53449,1
ID53450,1
ID53451,0
ID53452,1
ID53453,0
ID53454,0
ID53455,1
ID53456,1
ID53457,0
ID53458,0
ID53459,0
ID53460,1
ID53461,0
ID53462,0
ID53463,1
ID53464,1
ID53465,0
ID53466,0
ID53467,1
ID53468,1
ID53469,0
ID53470,0
ID53471,0
ID53472,1
ID53473,1
ID53474,0
ID53475,0
ID53476,1
ID53477,0
ID53478,0
ID53479,1
ID53480,0
ID53481,0
ID53482,0
ID53483,0
ID53484,0
ID53485,1
ID53486,0
ID53487,1
ID53488,1
ID53489,0
ID53490,1
ID53491,0
ID53492,0
ID53493,1
ID53494,1
ID53495,0
ID53496,1
ID53497,0
ID53498,0
ID53499,0
ID53500,1
ID53501,0
ID53502,1
ID53503,0
ID53504,0
ID53505,0
ID53506,0
ID53507,1
ID53508,1
ID53509,0
ID53510,0
ID53511,0
ID53512,1
ID53513,1
ID53514,1
ID53515,1
ID53516,0
ID53517,0
ID53518,1
ID53519,0
ID53520,0
ID53521,0
ID53522,0
ID53523,1
ID53524,0
ID53525,0
ID53526,1
ID53527,1
ID53528,1
ID53529,0
ID53530,0
ID53531,0
ID53532,1
ID53533,0
ID53534,0
ID53535,0
ID53536,0
ID53537,1
ID53538,1
ID53539,0
ID53540,0
ID53541,1
ID53542,0
ID53543,1
ID53544,1
ID53545,1
ID53546,0
ID53547,0
ID53548,1
ID53549,0
ID53550,1
ID53551,1
ID53552,1
ID53553,0
ID53554,1
ID53555,1
ID53556,1
ID53557,1
ID53558,1
ID53559,1
ID53560,1
ID53561,0
ID53562,0
ID53563,0
ID53564,0
ID53565,0
ID53566,1
ID53567,0
ID53568,0
ID53569,0
ID53570,1
ID53571,0
ID53572,0
ID53573,1
ID53574,1
ID53575,0
ID53576,0
ID53577,1
ID53578,1
ID53579,1
ID53580,0
ID53581,0
ID53582,0
ID53583,1
ID53584,0
ID53585,1
ID53586,0
ID53587,0
ID53588,1
ID53589,0
ID53590,1
ID53591,0
ID53592,0
ID53593,0
ID53594,0
ID53595,1
ID53596,0
ID53597,1
ID53598,0
ID53599,0
ID53600,0
ID53601,0
ID53602,1
ID53603,1
ID53604,0
ID53605,1
ID53606,1
ID53607,0
ID53608,1
ID53609,1
ID53610,1
ID53611,1
ID53612,0
ID53613,0
ID53614,0
ID53615,1
ID53616,1
ID53617,0
ID53618,0
ID53619,1
ID53620,1
ID53621,0
ID53622,0
ID53623,0
ID53624,1
ID53625,0
ID53626,0
ID53627,0
ID53628,1
ID53629,1
ID53630,0
ID53631,1
ID53632,0
ID53633,0
ID53634,0
ID53635,0
ID53636,0
ID53637,0
ID53638,1
ID53639,0
ID53640,1
ID53641,0
ID53642,0
ID53643,0
ID53644,0
ID53645,0
ID53646,0
ID53647,1
ID53648,1
ID53649,0
ID53650,0
ID53651,1
ID53652,0
ID53653,0
ID53654,1
ID53655,0
ID53656,0
ID53657,0
ID53658,1
ID53659,0
ID53660,1
ID53661,1
ID53662,0
ID53663,0
ID53664,0
ID53665,0
ID53666,1
ID53667,0
ID53668,1
ID53669,0
ID53670,1
ID53671,0
ID53672,0
ID53673,1
ID53674,1
ID53675,0
ID53676,1
ID53677,1
ID53678,0
ID53679,0
ID53680,0
ID53681,0
ID53682,1
ID53683,1
ID53684,0
ID53685,0
ID53686,0
ID53687,0
ID53688,0
ID53689,0
ID53690,0
ID53691,1
ID53692,0
ID53693,1
ID53694,0
ID53695,0
ID53696,0
ID53697,1
ID53698,1
ID53699,1
ID53700,0
ID53701,0
ID53702,0
ID53703,0
ID53704,1
ID53705,1
ID53706,0
ID53707,1
ID53708,0
ID53709,1
ID53710,0
ID53711,1
ID53712,1
ID53713,1
ID53714,0
ID53715,1
ID53716,0
ID53717,0
ID53718,1
ID53719,1
ID53720,1
ID53721,1
ID53722,0
ID53723,1
ID53724,0
ID53725,1
ID53726,1
ID53727,1
ID53728,0
ID53729,0
ID53730,1
ID53731,1
ID53732,0
ID53733,1
ID53734,1
ID53735,1
ID53736,0
ID53737,0
ID53738,0
ID53739,0
ID53740,0
ID53741,1
ID53742,0
ID53743,0
ID53744,0
ID53745,1
ID53746,0
ID53747,1
ID53748,0
ID53749,0
ID53750,0
ID53751,1
ID53752,1
ID53753,0
ID53754,1
ID53755,1
ID53756,1
ID53757,1
ID53758,1
ID53759,1
ID53760,0
ID53761,0
ID53762,0
ID53763,1
ID53764,1
ID53765,0
ID53766,1
ID53767,0
ID53768,1
ID53769,1
ID53770,0
ID53771,0
ID53772,0
ID53773,0
ID53774,1
ID53775,0
ID53776,1
ID53777,0
ID53778,1
ID53779,0
ID53780,1
ID53781,0
ID53782,1
ID53783,0
ID53784,0
ID53785,0
ID53786,1
ID53787,1
ID53788,1
ID53789,0
ID53790,0
ID53791,0
ID53792,1
ID53793,0
ID53794,1
ID53795,0
ID53796,1
ID53797,0
ID53798,1
ID53799,1
ID53800,0
ID53801,0
ID53802,0
ID53803,0
ID53804,0
ID53805,0
ID53806,1
ID53807,0
ID53808,0
ID53809,1
ID53810,0
ID53811,1
ID53812,0
ID53813,1
ID53814,0
ID53815,0
ID53816,0
ID53817,0
ID53818,0
ID53819,1
ID53820,0
ID53821,0
ID53822,0
ID53823,1
ID53824,1
ID53825,0
ID53826,1
ID53827,0
ID53828,1
ID53829,1
ID53830,1
ID53831,0
ID53832,0
ID53833,0
ID53834,0
ID53835,0
ID53836,0
ID53837,0
ID53838,0
ID53839,1
ID53840,0
ID53841,1
ID53842,1
ID53843,0
ID53844,1
ID53845,0
ID53846,0
ID53847,0
ID53848,1
ID53849,0
ID53850,0
ID53851,0
ID53852,0
ID53853,0
ID53854,1
ID53855,1
ID53856,0
ID53857,1
ID53858,0
ID53859,1
ID53860,1
ID53861,0
ID53862,1
ID53863,1
ID53864,1
ID53865,0
ID53866,1
ID53867,1
ID53868,0
ID53869,0
ID53870,0
ID53871,1
ID53872,1
ID53873,0
ID53874,1
ID53875,0
ID53876,0
ID53877,1
ID53878,1
ID53879,0
ID53880,1
ID53881,1
ID53882,0
ID53883,1
ID53884,0
ID53885,0
ID53886,0
ID53887,1
ID53888,1
ID53889,0
ID53890,0
ID53891,0
ID53892,0
ID53893,0
ID53894,0
ID53895,0
ID53896,1
ID53897,1
ID53898,1
ID53899,1
ID53900,1
ID53901,0
ID53902,0
ID53903,1
ID53904,1
ID53905,1
ID53906,1
ID53907,1
ID53908,1
ID53909,1
ID53910,0
ID53911,1
ID53912,1
ID53913,0
ID53914,0
ID53915,0
ID53916,0
ID53917,1
ID53918,0
ID53919,0
ID53920,0
ID53921,1
ID53922,0
ID53923,0
ID53924,0
ID53925,0
ID53926,0
ID53927,0
ID53928,0
ID53929,0
ID53930,0
ID53931,1
ID53932,0
ID53933,1
ID53934,0
ID53935,0
ID53936,0
ID53937,1
ID53938,0
ID53939,1
ID53940,1
ID53941,0
ID53942,1
ID53943,0
ID53944,0
ID53945,1
ID53946,0
ID53947,1
ID53948,1
ID53949,0
ID53950,1
ID53951,0
ID53952,1
ID53953,0
ID53954,1
ID53955,0
ID53956,1
ID53957,1
ID53958,1
ID53959,0
ID53960,0
ID53961,0
ID53962,0
ID53963,1
ID53964,0
ID53965,1
ID53966,0
ID53967,0
ID53968,0
ID53969,0
ID53970,1
ID53971,0
ID53972,1
ID53973,0
ID53974,0
ID53975,0
ID53976,1
ID53977,0
ID53978,0
ID53979,1
ID53980,1
ID53981,1
ID53982,1
ID53983,0
ID53984,1
ID53985,0
ID53986,1
ID53987,0
ID53988,0
ID53989,1
ID53990,0
ID53991,0
ID53992,1
ID53993,1
ID53994,0
ID53995,1
ID53996,1
ID53997,1
ID53998,1
ID53999,1
ID54000,1
ID54001,1
ID54002,0
ID54003,1
ID54004,0
ID54005,1
ID54006,1
ID54007,1
ID54008,1
ID54009,1
ID54010,0
ID54011,0
ID54012,1
ID54013,1
ID54014,1
ID54015,1
ID54016,0
ID54017,0
ID54018,1
ID54019,0
ID54020,0
ID54021,1
ID54022,1
ID54023,0
ID54024,1
ID54025,1
ID54026,0
ID54027,0
ID54028,0
ID54029,1
ID54030,1
ID54031,1
ID54032,0
ID54033,1
ID54034,1
ID54035,0
ID54036,0
ID54037,1
ID54038,1
ID54039,1
ID54040,0
ID54041,1
ID54042,1
ID54043,1
ID54044,1
ID54045,0
ID54046,1
ID54047,0
ID54048,1
ID54049,0
ID54050,1
ID54051,0
ID54052,0
ID54053,1
ID54054,1
ID54055,1
ID54056,1
ID54057,0
ID54058,1
ID54059,1
ID54060,0
ID54061,0
ID54062,0
ID54063,1
ID54064,0
ID54065,1
ID54066,0
ID54067,1
ID54068,1
ID54069,0
ID54070,1
ID54071,1
ID54072,0
ID54073,0
ID54074,0
ID54075,1
ID54076,1
ID54077,1
ID54078,1
ID54079,1
ID54080,0
ID54081,1
ID54082,0
ID54083,0
ID54084,1
ID54085,1
ID54086,1
ID54087,1
ID54088,1
ID54089,0
ID54090,1
ID54091,1
ID54092,1
ID54093,1
ID54094,0
ID54095,0
ID54096,0
ID54097,1
ID54098,0
ID54099,1
ID54100,1
ID54101,0
ID54102,0
ID54103,0
ID54104,1
ID54105,1
ID54106,1
ID54107,1
ID54108,1
ID54109,1
ID54110,1
ID54111,0
ID54112,1
ID54113,0
ID54114,0
ID54115,1
ID54116,0
ID54117,1
ID54118,0
ID54119,1
ID54120,1
ID54121,0
ID54122,1
ID54123,1
ID54124,1
ID54125,0
ID54126,0
ID54127,0
ID54128,1
ID54129,0
ID54130,0
ID54131,1
ID54132,1
ID54133,1
ID54134,0
ID54135,0
ID54136,0
ID54137,1
ID54138,1
ID54139,0
ID54140,1
ID54141,0
ID54142,1
ID54143,1
ID54144,1
ID54145,0
ID54146,1
ID54147,0
ID54148,0
ID54149,0
ID54150,0
ID54151,1
ID54152,1
ID54153,1
ID54154,0
ID54155,1
ID54156,1
ID54157,0
ID54158,1
ID54159,1
ID54160,1
ID54161,0
ID54162,1
ID54163,1
ID54164,1
ID54165,0
ID54166,0
ID54167,1
ID54168,0
ID54169,1
ID54170,0
ID54171,0
ID54172,1
ID54173,0
ID54174,0
ID54175,0
ID54176,0
ID54177,1
ID54178,1
ID54179,1
ID54180,1
ID54181,0
ID54182,1
ID54183,1
ID54184,0
ID54185,1
ID54186,1
ID54187,1
ID54188,0
ID54189,1
ID54190,0
ID54191,0
ID54192,1
ID54193,1
ID54194,1
ID54195,1
ID54196,0
ID54197,1
ID54198,0
ID54199,0
ID54200,1
ID54201,1
ID54202,0
ID54203,1
ID54204,1
ID54205,0
ID54206,0
ID54207,0
ID54208,1
ID54209,0
ID54210,0
ID54211,0
ID54212,1
ID54213,0
ID54214,1
ID54215,1
ID54216,1
ID54217,1
ID54218,0
ID54219,0
ID54220,0
ID54221,0
ID54222,0
ID54223,1
ID54224,1
ID54225,0
ID54226,0
ID54227,0
ID54228,0
ID54229,1
ID54230,1
ID54231,0
ID54232,1
ID54233,1
ID54234,0
ID54235,1
ID54236,1
ID54237,1
ID54238,1
ID54239,0
ID54240,1
ID54241,1
ID54242,0
ID54243,0
ID54244,1
ID54245,1
ID54246,1
ID54247,0
ID54248,0
ID54249,1
ID54250,1
ID54251,1
ID54252,0
ID54253,1
ID54254,1
ID54255,0
ID54256,0
ID54257,1
ID54258,1
ID54259,0
ID54260,0
ID54261,1
ID54262,0
ID54263,0
ID54264,1
ID54265,0
ID54266,1
ID54267,1
ID54268,0
ID54269,0
ID54270,1
ID54271,1
ID54272,1
ID54273,1
ID54274,1
ID54275,1
ID54276,0
ID54277,0
ID54278,0
ID54279,0
ID54280,1
ID54281,0
ID54282,0
ID54283,0
ID54284,0
ID54285,1
ID54286,0
ID54287,0
ID54288,1
ID54289,0
ID54290,0
ID54291,1
ID54292,0
ID54293,0
ID54294,0
ID54295,0
ID54296,1
ID54297,0
ID54298,0
ID54299,0
ID54300,1
ID54301,0
ID54302,1
ID54303,1
ID54304,0
ID54305,0
ID54306,0
ID54307,1
ID54308,0
ID54309,0
ID54310,1
ID54311,0
ID54312,1
ID54313,0
ID54314,1
ID54315,0
ID54316,0
ID54317,1
ID54318,1
ID54319,1
ID54320,0
ID54321,1
ID54322,0
ID54323,0
ID54324,1
ID54325,0
ID54326,0
ID54327,0
ID54328,0
ID54329,0
ID54330,0
ID54331,0
ID54332,1
ID54333,0
ID54334,0
ID54335,0
ID54336,0
ID54337,1
ID54338,0
ID54339,0
ID54340,1
ID54341,1
ID54342,0
ID54343,0
ID54344,1
ID54345,0
ID54346,1
ID54347,0
ID54348,0
ID54349,0
ID54350,0
ID54351,1
ID54352,0
ID54353,0
ID54354,0
ID54355,0
ID54356,1
ID54357,0
ID54358,0
ID54359,1
ID54360,1
ID54361,1
ID54362,1
ID54363,0
ID54364,0
ID54365,1
ID54366,1
ID54367,1
ID54368,0
ID54369,1
ID54370,1
ID54371,0
ID54372,1
ID54373,1
ID54374,1
ID54375,0
ID54376,0
ID54377,0
ID54378,0
ID54379,1
ID54380,1
ID54381,1
ID54382,1
ID54383,1
ID54384,0
ID54385,1
ID54386,1
ID54387,1
ID54388,1
ID54389,1
ID54390,0
ID54391,1
ID54392,0
ID54393,1
ID54394,0
ID54395,1
ID54396,0
ID54397,0
ID54398,0
ID54399,0
ID54400,1
ID54401,1
ID54402,0
ID54403,1
ID54404,1
ID54405,1
ID54406,1
ID54407,1
ID54408,1
ID54409,0
ID54410,0
ID54411,1
ID54412,0
ID54413,0
ID54414,0
ID54415,1
ID54416,1
ID54417,1
ID54418,0
ID54419,0
ID54420,1
ID54421,0
ID54422,0
ID54423,0
ID54424,0
ID54425,0
ID54426,1
ID54427,1
ID54428,0
ID54429,1
ID54430,0
ID54431,0
ID54432,1
ID54433,0
ID54434,0
ID54435,0
ID54436,0
ID54437,1
ID54438,1
ID54439,0
ID54440,1
ID54441,1
ID54442,1
ID54443,0
ID54444,0
ID54445,0
ID54446,0
ID54447,1
ID54448,0
ID54449,0
ID54450,1
ID54451,0
ID54452,1
ID54453,1
ID54454,1
ID54455,1
ID54456,1
ID54457,1
ID54458,1
ID54459,0
ID54460,1
ID54461,1
ID54462,0
ID54463,1
ID54464,0
ID54465,0
ID54466,0
ID54467,0
ID54468,0
ID54469,0
ID54470,1
ID54471,0
ID54472,1
ID54473,0
ID54474,0
ID54475,0
ID54476,1
ID54477,0
ID54478,1
ID54479,1
ID54480,0
ID54481,0
ID54482,0
ID54483,1
ID54484,1
ID54485,1
ID54486,0
ID54487,0
ID54488,1
ID54489,0
ID54490,0
ID54491,0
ID54492,1
ID54493,0
ID54494,0
ID54495,0
ID54496,0
ID54497,0
ID54498,1
ID54499,0
ID54500,1
ID54501,1
ID54502,1
ID54503,0
ID54504,0
ID54505,0
ID54506,0
ID54507,0
ID54508,0
ID54509,0
ID54510,1
ID54511,1
ID54512,1
ID54513,0
ID54514,0
ID54515,0
ID54516,1
ID54517,1
ID54518,0
ID54519,0
ID54520,0
ID54521,1
ID54522,1
ID54523,1
ID54524,0
ID54525,1
ID54526,1
ID54527,0
ID54528,1
ID54529,0
ID54530,1
ID54531,1
ID54532,0
ID54533,1
ID54534,1
ID54535,1
ID54536,0
ID54537,0
ID54538,1
ID54539,0
ID54540,1
ID54541,1
ID54542,1
ID54543,0
ID54544,0
ID54545,0
ID54546,1
ID54547,0
ID54548,1
ID54549,1
ID54550,0
ID54551,1
ID54552,1
ID54553,1
ID54554,1
ID54555,0
ID54556,0
ID54557,0
ID54558,1
ID54559,1
ID54560,1
ID54561,0
ID54562,0
ID54563,1
ID54564,1
ID54565,1
ID54566,0
ID54567,0
ID54568,0
ID54569,0
ID54570,0
ID54571,1
ID54572,0
ID54573,0
ID54574,0
ID54575,1
ID54576,0
ID54577,0
ID54578,0
ID54579,0
ID54580,1
ID54581,0
ID54582,0
ID54583,0
ID54584,1
ID54585,0
ID54586,1
ID54587,1
ID54588,0
ID54589,1
ID54590,0
ID54591,0
ID54592,1
ID54593,1
ID54594,0
ID54595,0
ID54596,0
ID54597,1
ID54598,1
ID54599,1
ID54600,1
ID54601,0
ID54602,0
ID54603,0
ID54604,1
ID54605,1
ID54606,0
ID54607,1
ID54608,0
ID54609,1
ID54610,1
ID54611,1
ID54612,1
ID54613,0
ID54614,1
ID54615,1
ID54616,0
ID54617,0
ID54618,1
ID54619,0
ID54620,1
ID54621,0
ID54622,0
ID54623,1
ID54624,1
ID54625,1
ID54626,1
ID54627,1
ID54628,0
ID54629,1
ID54630,1
ID54631,0
ID54632,1
ID54633,1
ID54634,1
ID54635,0
ID54636,0
ID54637,1
ID54638,1
ID54639,0
ID54640,0
ID54641,1
ID54642,0
ID54643,0
ID54644,1
ID54645,1
ID54646,1
ID54647,1
ID54648,0
ID54649,1
ID54650,1
ID54651,0
ID54652,0
ID54653,0
ID54654,1
ID54655,1
ID54656,0
ID54657,1
ID54658,0
ID54659,0
ID54660,0
ID54661,0
ID54662,0
ID54663,1
ID54664,1
ID54665,0
ID54666,0
ID54667,0
ID54668,0
ID54669,1
ID54670,0
ID54671,1
ID54672,1
ID54673,0
ID54674,0
ID54675,0
ID54676,1
ID54677,0
ID54678,0
ID54679,0
ID54680,1
ID54681,0
ID54682,0
ID54683,1
ID54684,1
ID54685,0
ID54686,0
ID54687,0
ID54688,0
ID54689,0
ID54690,0
ID54691,0
ID54692,0
ID54693,0
ID54694,0
ID54695,1
ID54696,0
ID54697,1
ID54698,0
ID54699,0
ID54700,0
ID54701,1
ID54702,1
ID54703,0
ID54704,0
ID54705,1
ID54706,1
ID54707,1
ID54708,0
ID54709,1
ID54710,0
ID54711,0
ID54712,1
ID54713,1
ID54714,1
ID54715,0
ID54716,0
ID54717,0
ID54718,1
ID54719,1
ID54720,0
ID54721,0
ID54722,1
ID54723,0
ID54724,1
ID54725,1
ID54726,1
ID54727,1
ID54728,0
ID54729,0
ID54730,1
ID54731,0
ID54732,1
ID54733,1
ID54734,0
ID54735,1
ID54736,1
ID54737,0
ID54738,1
ID54739,0
ID54740,1
ID54741,1
ID54742,1
ID54743,0
ID54744,0
ID54745,0
ID54746,1
ID54747,1
ID54748,1
ID54749,1
ID54750,0
ID54751,0
ID54752,0
ID54753,1
ID54754,0
ID54755,1
ID54756,0
ID54757,1
ID54758,1
ID54759,0
ID54760,0
ID54761,1
ID54762,1
ID54763,1
ID54764,0
ID54765,0
ID54766,0
ID54767,0
ID54768,0
ID54769,1
ID54770,1
ID54771,1
ID54772,0
ID54773,1
ID54774,1
ID54775,0
ID54776,0
ID54777,1
ID54778,1
ID54779,0
ID54780,1
ID54781,1
ID54782,0
ID54783,1
ID54784,1
ID54785,1
ID54786,1
ID54787,1
ID54788,1
ID54789,0
ID54790,1
ID54791,1
ID54792,1
ID54793,1
ID54794,0
ID54795,1
ID54796,1
ID54797,1
ID54798,1
ID54799,0
ID54800,1
ID54801,1
ID54802,0
ID54803,1
ID54804,1
ID54805,0
ID54806,1
ID54807,0
ID54808,0
ID54809,1
ID54810,0
ID54811,1
ID54812,0
ID54813,0
ID54814,0
ID54815,0
ID54816,0
ID54817,0
ID54818,1
ID54819,0
ID54820,0
ID54821,1
ID54822,0
ID54823,0
ID54824,0
ID54825,1
ID54826,1
ID54827,1
ID54828,1
ID54829,0
ID54830,1
ID54831,1
ID54832,0
ID54833,1
ID54834,1
ID54835,1
ID54836,1
ID54837,1
ID54838,1
ID54839,0
ID54840,1
ID54841,0
ID54842,0
ID54843,0
ID54844,0
ID54845,1
ID54846,0
ID54847,0
ID54848,1
ID54849,1
ID54850,1
ID54851,1
ID54852,1
ID54853,1
ID54854,0
ID54855,0
ID54856,1
ID54857,0
ID54858,0
ID54859,1
ID54860,1
ID54861,0
ID54862,0
ID54863,1
ID54864,1
ID54865,0
ID54866,1
ID54867,1
ID54868,0
ID54869,1
ID54870,1
ID54871,1
ID54872,0
ID54873,1
ID54874,0
ID54875,1
ID54876,1
ID54877,0
ID54878,0
ID54879,0
ID54880,1
ID54881,0
ID54882,0
ID54883,0
ID54884,0
ID54885,0
ID54886,0
ID54887,0
ID54888,0
ID54889,0
ID54890,0
ID54891,0
ID54892,1
ID54893,1
ID54894,0
ID54895,1
ID54896,0
ID54897,0
ID54898,1
ID54899,0
ID54900,1
ID54901,0
ID54902,1
ID54903,0
ID54904,1
ID54905,1
ID54906,1
ID54907,0
ID54908,1
ID54909,1
ID54910,0
ID54911,0
ID54912,0
ID54913,0
ID54914,1
ID54915,0
ID54916,0
ID54917,1
ID54918,0
ID54919,0
ID54920,1
ID54921,0
ID54922,0
ID54923,1
ID54924,1
ID54925,1
ID54926,1
ID54927,1
ID54928,0
ID54929,0
ID54930,0
ID54931,0
ID54932,0
ID54933,0
ID54934,1
ID54935,0
ID54936,1
ID54937,0
ID54938,0
ID54939,0
ID54940,0
ID54941,0
ID54942,1
ID54943,1
ID54944,1
ID54945,1
ID54946,0
ID54947,1
ID54948,0
ID54949,0
ID54950,1
ID54951,1
ID54952,1
ID54953,0
ID54954,1
ID54955,1
ID54956,1
ID54957,1
ID54958,0
ID54959,0
ID54960,0
ID54961,0
ID54962,1
ID54963,0
ID54964,0
ID54965,1
ID54966,0
ID54967,1
ID54968,0
ID54969,1
ID54970,0
ID54971,1
ID54972,0
ID54973,0
ID54974,1
ID54975,1
ID54976,1
ID54977,1
ID54978,1
ID54979,1
ID54980,1
ID54981,0
ID54982,1
ID54983,1
ID54984,0
ID54985,0
ID54986,0
ID54987,1
ID54988,1
ID54989,1
ID54990,0
ID54991,1
ID54992,1
ID54993,0
ID54994,1
ID54995,0
ID54996,1
ID54997,1
ID54998,1
ID54999,0
ID55000,0
ID55001,1
ID55002,0
ID55003,1
ID55004,0
ID55005,1
ID55006,1
ID55007,0
ID55008,0
ID55009,1
ID55010,0
ID55011,1
ID55012,1
ID55013,0
ID55014,1
ID55015,0
ID55016,0
ID55017,0
ID55018,0
ID55019,0
ID55020,0
ID55021,1
ID55022,1
ID55023,0
ID55024,1
ID55025,1
ID55026,1
ID55027,0
ID55028,0
ID55029,1
ID55030,1
ID55031,0
ID55032,1
ID55033,0
ID55034,0
ID55035,0
ID55036,1
ID55037,1
ID55038,1
ID55039,1
ID55040,0
ID55041,0
ID55042,0
ID55043,0
ID55044,1
ID55045,1
ID55046,0
ID55047,0
ID55048,0
ID55049,1
ID55050,1
ID55051,1
ID55052,1
ID55053,1
ID55054,0
ID55055,0
ID55056,0
ID55057,0
ID55058,1
ID55059,1
ID55060,0
ID55061,1
ID55062,1
ID55063,0
ID55064,0
ID55065,1
ID55066,0
ID55067,0
ID55068,1
ID55069,0
ID55070,0
ID55071,0
ID55072,0
ID55073,1
ID55074,0
ID55075,1
ID55076,0
ID55077,0
ID55078,1
ID55079,0
ID55080,0
ID55081,0
ID55082,1
ID55083,1
ID55084,1
ID55085,1
ID55086,1
ID55087,0
ID55088,0
ID55089,0
ID55090,0
ID55091,0
ID55092,0
ID55093,0
ID55094,1
ID55095,0
ID55096,1
ID55097,0
ID55098,1
ID55099,0
ID55100,0
ID55101,1
ID55102,1
ID55103,1
ID55104,1
ID55105,1
ID55106,1
ID55107,0
ID55108,1
ID55109,0
ID55110,1
ID55111,0
ID55112,0
ID55113,0
ID55114,1
ID55115,1
ID55116,1
ID55117,1
ID55118,1
ID55119,0
ID55120,1
ID55121,0
ID55122,0
ID55123,0
ID55124,0
ID55125,0
ID55126,0
ID55127,1
ID55128,1
ID55129,0
ID55130,1
ID55131,0
ID55132,0
ID55133,0
ID55134,1
ID55135,0
ID55136,1
ID55137,1
ID55138,0
ID55139,0
ID55140,0
ID55141,1
ID55142,0
ID55143,1
ID55144,0
ID55145,0
ID55146,0
ID55147,0
ID55148,0
ID55149,1
ID55150,1
ID55151,0
ID55152,0
ID55153,0
ID55154,0
ID55155,0
ID55156,1
ID55157,0
ID55158,1
ID55159,1
ID55160,0
ID55161,0
ID55162,0
ID55163,1
ID55164,1
ID55165,0
ID55166,0
ID55167,1
ID55168,1
ID55169,1
ID55170,0
ID55171,1
ID55172,0
ID55173,0
ID55174,1
ID55175,0
ID55176,0
ID55177,1
ID55178,0
ID55179,0
ID55180,1
ID55181,0
ID55182,0
ID55183,0
ID55184,1
ID55185,0
ID55186,1
ID55187,1
ID55188,1
ID55189,1
ID55190,0
ID55191,0
ID55192,0
ID55193,0
ID55194,0
ID55195,0
ID55196,1
ID55197,0
ID55198,0
ID55199,0
ID55200,1
ID55201,0
ID55202,1
ID55203,0
ID55204,0
ID55205,1
ID55206,1
ID55207,1
ID55208,1
ID55209,0
ID55210,1
ID55211,1
ID55212,1
ID55213,1
ID55214,0
ID55215,1
ID55216,0
ID55217,1
ID55218,1
ID55219,1
ID55220,1
ID55221,1
ID55222,0
ID55223,1
ID55224,0
ID55225,0
ID55226,1
ID55227,1
ID55228,1
ID55229,1
ID55230,1
ID55231,0
ID55232,1
ID55233,0
ID55234,0
ID55235,1
ID55236,0
ID55237,0
ID55238,1
ID55239,0
ID55240,0
ID55241,1
ID55242,1
ID55243,1
ID55244,1
ID55245,1
ID55246,1
ID55247,0
ID55248,0
ID55249,0
ID55250,0
ID55251,1
ID55252,1
ID55253,1
ID55254,1
ID55255,1
ID55256,1
ID55257,0
ID55258,1
ID55259,0
ID55260,1
ID55261,1
ID55262,0
ID55263,0
ID55264,0
ID55265,1
ID55266,1
ID55267,1
ID55268,0
ID55269,1
ID55270,1
ID55271,1
ID55272,1
ID55273,1
ID55274,0
ID55275,1
ID55276,1
ID55277,0
ID55278,1
ID55279,1
ID55280,0
ID55281,0
ID55282,0
ID55283,1
ID55284,0
ID55285,1
ID55286,1
ID55287,0
ID55288,1
ID55289,0
ID55290,1
ID55291,0
ID55292,1
ID55293,0
ID55294,1
ID55295,0
ID55296,0
ID55297,0
ID55298,1
ID55299,0
ID55300,1
ID55301,1
ID55302,0
ID55303,0
ID55304,0
ID55305,0
ID55306,1
ID55307,0
ID55308,1
ID55309,0
ID55310,1
ID55311,1
ID55312,1
ID55313,0
ID55314,0
ID55315,1
ID55316,0
ID55317,0
ID55318,1
ID55319,1
ID55320,0
ID55321,1
ID55322,1
ID55323,0
ID55324,1
ID55325,0
ID55326,1
ID55327,1
ID55328,0
ID55329,1
ID55330,1
ID55331,0
ID55332,1
ID55333,1
ID55334,0
ID55335,1
ID55336,1
ID55337,0
ID55338,1
ID55339,0
ID55340,0
ID55341,0
ID55342,0
ID55343,0
ID55344,0
ID55345,0
ID55346,0
ID55347,1
ID55348,0
ID55349,0
ID55350,1
ID55351,0
ID55352,0
ID55353,1
ID55354,0
ID55355,0
ID55356,1
ID55357,1
ID55358,1
ID55359,1
ID55360,1
ID55361,0
ID55362,0
ID55363,0
ID55364,0
ID55365,1
ID55366,1
ID55367,1
ID55368,0
ID55369,1
ID55370,1
ID55371,1
ID55372,1
ID55373,0
ID55374,0
ID55375,1
ID55376,0
ID55377,0
ID55378,0
ID55379,0
ID55380,0
ID55381,0
ID55382,0
ID55383,0
ID55384,1
ID55385,0
ID55386,1
ID55387,1
ID55388,0
ID55389,0
ID55390,0
ID55391,0
ID55392,0
ID55393,0
ID55394,0
ID55395,0
ID55396,1
ID55397,1
ID55398,1
ID55399,0
ID55400,0
ID55401,1
ID55402,1
ID55403,1
ID55404,0
ID55405,1
ID55406,1
ID55407,0
ID55408,1
ID55409,1
ID55410,1
ID55411,0
ID55412,0
ID55413,0
ID55414,0
ID55415,0
ID55416,0
ID55417,1
ID55418,0
ID55419,1
ID55420,1
ID55421,0
ID55422,1
ID55423,0
ID55424,0
ID55425,0
ID55426,0
ID55427,1
ID55428,1
ID55429,0
ID55430,0
ID55431,1
ID55432,0
ID55433,0
ID55434,0
ID55435,1
ID55436,1
ID55437,0
ID55438,1
ID55439,0
ID55440,0
ID55441,0
ID55442,1
ID55443,1
ID55444,0
ID55445,1
ID55446,1
ID55447,1
ID55448,0
ID55449,0
ID55450,0
ID55451,1
ID55452,0
ID55453,0
ID55454,0
ID55455,1
ID55456,0
ID55457,1
ID55458,1
ID55459,1
ID55460,1
ID55461,1
ID55462,1
ID55463,1
ID55464,0
ID55465,1
ID55466,1
ID55467,1
ID55468,0
ID55469,0
ID55470,0
ID55471,1
ID55472,0
ID55473,0
ID55474,0
ID55475,0
ID55476,1
ID55477,1
ID55478,1
ID55479,1
ID55480,1
ID55481,1
ID55482,0
ID55483,0
ID55484,0
ID55485,1
ID55486,0
ID55487,0
ID55488,1
ID55489,0
ID55490,0
ID55491,0
ID55492,0
ID55493,1
ID55494,0
ID55495,0
ID55496,0
ID55497,0
ID55498,0
ID55499,0
ID55500,0
ID55501,0
ID55502,0
ID55503,1
ID55504,0
ID55505,1
ID55506,0
ID55507,1
ID55508,1
ID55509,1
ID55510,0
ID55511,0
ID55512,1
ID55513,1
ID55514,1
ID55515,1
ID55516,1
ID55517,1
ID55518,0
ID55519,1
ID55520,0
ID55521,0
ID55522,1
ID55523,0
ID55524,1
ID55525,1
ID55526,1
ID55527,0
ID55528,0
ID55529,0
ID55530,1
ID55531,0
ID55532,1
ID55533,0
ID55534,0
ID55535,1
ID55536,0
ID55537,1
ID55538,0
ID55539,0
ID55540,0
ID55541,0
ID55542,0
ID55543,1
ID55544,1
ID55545,0
ID55546,1
ID55547,0
ID55548,0
ID55549,1
ID55550,0
ID55551,1
ID55552,0
ID55553,1
ID55554,1
ID55555,1
ID55556,0
ID55557,0
ID55558,0
ID55559,1
ID55560,0
ID55561,0
ID55562,1
ID55563,0
ID55564,0
ID55565,1
ID55566,0
ID55567,1
ID55568,0
ID55569,0
ID55570,0
ID55571,0
ID55572,0
ID55573,0
ID55574,0
ID55575,0
ID55576,0
ID55577,0
ID55578,1
ID55579,1
ID55580,1
ID55581,1
ID55582,0
ID55583,0
ID55584,0
ID55585,1
ID55586,0
ID55587,1
ID55588,1
ID55589,0
ID55590,0
ID55591,1
ID55592,1
ID55593,0
ID55594,0
ID55595,1
ID55596,1
ID55597,1
ID55598,1
ID55599,1
ID55600,1
ID55601,1
ID55602,1
ID55603,0
ID55604,0
ID55605,0
ID55606,0
ID55607,1
ID55608,0
ID55609,0
ID55610,1
ID55611,1
ID55612,1
ID55613,1
ID55614,0
ID55615,0
ID55616,1
ID55617,0
ID55618,0
ID55619,1
ID55620,1
ID55621,1
ID55622,1
ID55623,0
ID55624,1
ID55625,1
ID55626,0
ID55627,0
ID55628,0
ID55629,0
ID55630,1
ID55631,1
ID55632,1
ID55633,0
ID55634,0
ID55635,1
ID55636,1
ID55637,0
ID55638,1
ID55639,0
ID55640,0
ID55641,0
ID55642,1
ID55643,0
ID55644,1
ID55645,1
ID55646,1
ID55647,0
ID55648,1
ID55649,0
ID55650,0
ID55651,1
ID55652,1
ID55653,0
ID55654,1
ID55655,0
ID55656,0
ID55657,0
ID55658,1
ID55659,0
ID55660,0
ID55661,0
ID55662,0
ID55663,1
ID55664,0
ID55665,0
ID55666,0
ID55667,0
ID55668,1
ID55669,0
ID55670,0
ID55671,0
ID55672,1
ID55673,0
ID55674,0
ID55675,0
ID55676,0
ID55677,1
ID55678,0
ID55679,0
ID55680,1
ID55681,1
ID55682,1
ID55683,1
ID55684,0
ID55685,1
ID55686,0
ID55687,1
ID55688,0
ID55689,0
ID55690,0
ID55691,0
ID55692,0
ID55693,0
ID55694,1
ID55695,0
ID55696,1
ID55697,0
ID55698,1
ID55699,0
ID55700,0
ID55701,1
ID55702,0
ID55703,0
ID55704,1
ID55705,0
ID55706,1
ID55707,1
ID55708,0
ID55709,0
ID55710,1
ID55711,0
ID55712,1
ID55713,0
ID55714,1
ID55715,1
ID55716,0
ID55717,1
ID55718,1
ID55719,1
ID55720,1
ID55721,0
ID55722,0
ID55723,1
ID55724,0
ID55725,0
ID55726,0
ID55727,0
ID55728,1
ID55729,0
ID55730,0
ID55731,1
ID55732,0
ID55733,0
ID55734,0
ID55735,1
ID55736,1
ID55737,0
ID55738,0
ID55739,0
ID55740,1
ID55741,0
ID55742,1
ID55743,0
ID55744,1
ID55745,1
ID55746,1
ID55747,1
ID55748,0
ID55749,0
ID55750,1
ID55751,1
ID55752,0
ID55753,1
ID55754,0
ID55755,1
ID55756,1
ID55757,0
ID55758,0
ID55759,1
ID55760,0
ID55761,1
ID55762,0
ID55763,1
ID55764,1
ID55765,0
ID55766,1
ID55767,1
ID55768,0
ID55769,1
ID55770,1
ID55771,0
ID55772,0
ID55773,0
ID55774,0
ID55775,1
ID55776,0
ID55777,1
ID55778,0
ID55779,0
ID55780,0
ID55781,1
ID55782,0
ID55783,1
ID55784,0
ID55785,1
ID55786,1
ID55787,0
ID55788,1
ID55789,0
ID55790,0
ID55791,0
ID55792,0
ID55793,1
ID55794,0
ID55795,1
ID55796,0
ID55797,0
ID55798,1
ID55799,1
ID55800,0
ID55801,1
ID55802,0
ID55803,1
ID55804,0
ID55805,0
ID55806,0
ID55807,1
ID55808,0
ID55809,0
ID55810,0
ID55811,0
ID55812,1
ID55813,0
ID55814,1
ID55815,0
ID55816,0
ID55817,0
ID55818,1
ID55819,0
ID55820,1
ID55821,0
ID55822,1
ID55823,0
ID55824,0
ID55825,1
ID55826,0
ID55827,1
ID55828,1
ID55829,1
ID55830,0
ID55831,0
ID55832,1
ID55833,1
ID55834,0
ID55835,1
ID55836,1
ID55837,1
ID55838,0
ID55839,1
ID55840,0
ID55841,0
ID55842,0
ID55843,0
ID55844,1
ID55845,0
ID55846,0
ID55847,0
ID55848,1
ID55849,0
ID55850,1
ID55851,0
ID55852,0
ID55853,0
ID55854,0
ID55855,1
ID55856,0
ID55857,1
ID55858,1
ID55859,0
ID55860,1
ID55861,1
ID55862,1
ID55863,1
ID55864,1
ID55865,1
ID55866,1
ID55867,0
ID55868,0
ID55869,1
ID55870,0
ID55871,0
ID55872,1
ID55873,0
ID55874,1
ID55875,0
ID55876,0
ID55877,0
ID55878,1
ID55879,1
ID55880,0
ID55881,1
ID55882,0
ID55883,1
ID55884,0
ID55885,1
ID55886,1
ID55887,0
ID55888,1
ID55889,0
ID55890,1
ID55891,0
ID55892,1
ID55893,0
ID55894,1
ID55895,0
ID55896,1
ID55897,0
ID55898,0
ID55899,0
ID55900,0
ID55901,1
ID55902,0
ID55903,0
ID55904,0
ID55905,1
ID55906,0
ID55907,0
ID55908,0
ID55909,0
ID55910,1
ID55911,1
ID55912,0
ID55913,1
ID55914,1
ID55915,0
ID55916,0
ID55917,1
ID55918,1
ID55919,0
ID55920,0
ID55921,0
ID55922,0
ID55923,1
ID55924,1
ID55925,1
ID55926,0
ID55927,1
ID55928,1
ID55929,1
ID55930,1
ID55931,0
ID55932,0
ID55933,1
ID55934,0
ID55935,1
ID55936,0
ID55937,0
ID55938,1
ID55939,0
ID55940,1
ID55941,1
ID55942,0
ID55943,0
ID55944,1
ID55945,1
ID55946,0
ID55947,1
ID55948,0
ID55949,0
ID55950,0
ID55951,0
ID55952,0
ID55953,0
ID55954,0
ID55955,0
ID55956,0
ID55957,0
ID55958,1
ID55959,0
ID55960,0
ID55961,0
ID55962,0
ID55963,0
ID55964,0
ID55965,0
ID55966,1
ID55967,0
ID55968,1
ID55969,1
ID55970,0
ID55971,1
ID55972,0
ID55973,1
ID55974,0
ID55975,0
ID55976,0
ID55977,0
ID55978,0
ID55979,1
ID55980,1
ID55981,1
ID55982,1
ID55983,1
ID55984,0
ID55985,0
ID55986,1
ID55987,1
ID55988,1
ID55989,1
ID55990,0
ID55991,0
ID55992,1
ID55993,0
ID55994,0
ID55995,0
ID55996,0
ID55997,0
ID55998,0
ID55999,0
ID56000,1
ID56001,1
ID56002,1
ID56003,1
ID56004,0
ID56005,1
ID56006,0
ID56007,0
ID56008,1
ID56009,1
ID56010,0
ID56011,0
ID56012,0
ID56013,1
ID56014,1
ID56015,1
ID56016,0
ID56017,0
ID56018,0
ID56019,1
ID56020,0
ID56021,1
ID56022,0
ID56023,1
ID56024,1
ID56025,0
ID56026,1
ID56027,0
ID56028,0
ID56029,0
ID56030,0
ID56031,1
ID56032,0
ID56033,1
ID56034,0
ID56035,1
ID56036,1
ID56037,0
ID56038,0
ID56039,0
ID56040,0
ID56041,1
ID56042,0
ID56043,1
ID56044,0
ID56045,1
ID56046,0
ID56047,1
ID56048,1
ID56049,1
ID56050,1
ID56051,0
ID56052,1
ID56053,1
ID56054,1
ID56055,1
ID56056,0
ID56057,1
ID56058,0
ID56059,1
ID56060,1
ID56061,0
ID56062,1
ID56063,1
ID56064,1
ID56065,1
ID56066,0
ID56067,0
ID56068,1
ID56069,1
ID56070,1
ID56071,0
ID56072,0
ID56073,0
ID56074,0
ID56075,1
ID56076,1
ID56077,1
ID56078,1
ID56079,0
ID56080,0
ID56081,0
ID56082,1
ID56083,0
ID56084,1
ID56085,0
ID56086,1
ID56087,1
ID56088,0
ID56089,1
ID56090,1
ID56091,1
ID56092,0
ID56093,1
ID56094,1
ID56095,1
ID56096,0
ID56097,0
ID56098,0
ID56099,0
ID56100,0
ID56101,1
ID56102,0
ID56103,1
ID56104,0
ID56105,0
ID56106,0
ID56107,0
ID56108,0
ID56109,0
ID56110,1
ID56111,0
ID56112,1
ID56113,0
ID56114,1
ID56115,1
ID56116,0
ID56117,1
ID56118,0
ID56119,0
ID56120,0
ID56121,0
ID56122,1
ID56123,1
ID56124,0
ID56125,0
ID56126,0
ID56127,0
ID56128,1
ID56129,1
ID56130,0
ID56131,0
ID56132,1
ID56133,0
ID56134,0
ID56135,0
ID56136,1
ID56137,0
ID56138,1
ID56139,1
ID56140,0
ID56141,1
ID56142,1
ID56143,1
ID56144,1
ID56145,1
ID56146,1
ID56147,0
ID56148,0
ID56149,1
ID56150,0
ID56151,1
ID56152,0
ID56153,0
ID56154,1
ID56155,0
ID56156,0
ID56157,1
ID56158,0
ID56159,0
ID56160,1
ID56161,1
ID56162,0
ID56163,0
ID56164,1
ID56165,1
ID56166,0
ID56167,1
ID56168,1
ID56169,0
ID56170,1
ID56171,0
ID56172,0
ID56173,1
ID56174,0
ID56175,0
ID56176,1
ID56177,1
ID56178,0
ID56179,1
ID56180,1
ID56181,0
ID56182,0
ID56183,1
ID56184,0
ID56185,0
ID56186,1
ID56187,1
ID56188,0
ID56189,0
ID56190,0
ID56191,0
ID56192,0
ID56193,0
ID56194,0
ID56195,1
ID56196,0
ID56197,0
ID56198,0
ID56199,1
ID56200,0
ID56201,0
ID56202,0
ID56203,1
ID56204,1
ID56205,0
ID56206,0
ID56207,0
ID56208,1
ID56209,0
ID56210,1
ID56211,1
ID56212,1
ID56213,0
ID56214,0
ID56215,0
ID56216,0
ID56217,0
ID56218,1
ID56219,1
ID56220,0
ID56221,0
ID56222,1
ID56223,0
ID56224,0
ID56225,0
ID56226,1
ID56227,1
ID56228,0
ID56229,1
ID56230,0
ID56231,1
ID56232,1
ID56233,0
ID56234,1
ID56235,1
ID56236,0
ID56237,0
ID56238,0
ID56239,1
ID56240,1
ID56241,1
ID56242,0
ID56243,0
ID56244,0
ID56245,1
ID56246,0
ID56247,0
ID56248,0
ID56249,0
ID56250,0
ID56251,0
ID56252,1
ID56253,0
ID56254,0
ID56255,0
ID56256,1
ID56257,0
ID56258,1
ID56259,1
ID56260,0
ID56261,0
ID56262,1
ID56263,1
ID56264,1
ID56265,0
ID56266,1
ID56267,1
ID56268,0
ID56269,1
ID56270,0
ID56271,1
ID56272,1
ID56273,1
ID56274,1
ID56275,1
ID56276,0
ID56277,0
ID56278,0
ID56279,1
ID56280,0
ID56281,0
ID56282,0
ID56283,0
ID56284,0
ID56285,1
ID56286,0
ID56287,1
ID56288,1
ID56289,0
ID56290,0
ID56291,0
ID56292,1
ID56293,1
ID56294,1
ID56295,1
ID56296,1
ID56297,0
ID56298,0
ID56299,0
ID56300,1
ID56301,0
ID56302,1
ID56303,0
ID56304,1
ID56305,1
ID56306,0
ID56307,0
ID56308,1
ID56309,0
ID56310,0
ID56311,1
ID56312,0
ID56313,1
ID56314,1
ID56315,0
ID56316,1
ID56317,0
ID56318,1
ID56319,0
ID56320,1
ID56321,0
ID56322,1
ID56323,1
ID56324,0
ID56325,1
ID56326,1
ID56327,0
ID56328,0
ID56329,1
ID56330,1
ID56331,0
ID56332,0
ID56333,0
ID56334,0
ID56335,1
ID56336,0
ID56337,0
ID56338,1
ID56339,0
ID56340,0
ID56341,0
ID56342,1
ID56343,1
ID56344,0
ID56345,1
ID56346,0
ID56347,0
ID56348,1
ID56349,0
ID56350,0
ID56351,1
ID56352,0
ID56353,1
ID56354,1
ID56355,0
ID56356,1
ID56357,1
ID56358,1
ID56359,1
ID56360,1
ID56361,0
ID56362,0
ID56363,1
ID56364,1
ID56365,1
ID56366,0
ID56367,1
ID56368,0
ID56369,0
ID56370,0
ID56371,1
ID56372,0
ID56373,1
ID56374,0
ID56375,1
ID56376,0
ID56377,1
ID56378,0
ID56379,0
ID56380,1
ID56381,0
ID56382,0
ID56383,1
ID56384,0
ID56385,1
ID56386,1
ID56387,1
ID56388,0
ID56389,0
ID56390,0
ID56391,0
ID56392,0
ID56393,0
ID56394,1
ID56395,0
ID56396,1
ID56397,0
ID56398,1
ID56399,0
ID56400,0
ID56401,1
ID56402,1
ID56403,1
ID56404,1
ID56405,0
ID56406,0
ID56407,1
ID56408,1
ID56409,0
ID56410,0
ID56411,1
ID56412,1
ID56413,1
ID56414,0
ID56415,0
ID56416,1
ID56417,1
ID56418,1
ID56419,1
ID56420,0
ID56421,0
ID56422,0
ID56423,1
ID56424,1
ID56425,0
ID56426,0
ID56427,1
ID56428,1
ID56429,1
ID56430,0
ID56431,1
ID56432,0
ID56433,0
ID56434,0
ID56435,1
ID56436,1
ID56437,0
ID56438,1
ID56439,1
ID56440,1
ID56441,0
ID56442,1
ID56443,0
ID56444,1
ID56445,0
ID56446,1
ID56447,0
ID56448,0
ID56449,0
ID56450,1
ID56451,0
ID56452,1
ID56453,1
ID56454,0
ID56455,0
ID56456,0
ID56457,0
ID56458,0
ID56459,1
ID56460,0
ID56461,0
ID56462,0
ID56463,0
ID56464,1
ID56465,0
ID56466,0
ID56467,0
ID56468,0
ID56469,1
ID56470,0
ID56471,1
ID56472,1
ID56473,1
ID56474,1
ID56475,0
ID56476,0
ID56477,1
ID56478,0
ID56479,1
ID56480,0
ID56481,0
ID56482,0
ID56483,0
ID56484,0
ID56485,0
ID56486,1
ID56487,1
ID56488,0
ID56489,1
ID56490,1
ID56491,1
ID56492,0
ID56493,0
ID56494,1
ID56495,0
ID56496,1
ID56497,1
ID56498,0
ID56499,0
ID56500,1
ID56501,1
ID56502,1
ID56503,1
ID56504,1
ID56505,0
ID56506,1
ID56507,1
ID56508,1
ID56509,0
ID56510,0
ID56511,0
ID56512,1
ID56513,0
ID56514,1
ID56515,1
ID56516,0
ID56517,0
ID56518,1
ID56519,1
ID56520,0
ID56521,1
ID56522,0
ID56523,0
ID56524,0
ID56525,1
ID56526,1
ID56527,0
ID56528,0
ID56529,1
ID56530,1
ID56531,0
ID56532,0
ID56533,0
ID56534,1
ID56535,1
ID56536,0
ID56537,0
ID56538,0
ID56539,0
ID56540,0
ID56541,1
ID56542,1
ID56543,1
ID56544,1
ID56545,0
ID56546,0
ID56547,0
ID56548,1
ID56549,1
ID56550,1
ID56551,1
ID56552,0
ID56553,1
ID56554,1
ID56555,1
ID56556,1
ID56557,0
ID56558,1
ID56559,0
ID56560,0
ID56561,0
ID56562,1
ID56563,0
ID56564,1
ID56565,0
ID56566,1
ID56567,0
ID56568,1
ID56569,1
ID56570,1
ID56571,0
ID56572,1
ID56573,0
ID56574,0
ID56575,0
ID56576,0
ID56577,0
ID56578,1
ID56579,1
ID56580,1
ID56581,0
ID56582,1
ID56583,0
ID56584,0
ID56585,1
ID56586,1
ID56587,0
ID56588,0
ID56589,0
ID56590,0
ID56591,1
ID56592,0
ID56593,0
ID56594,1
ID56595,0
ID56596,1
ID56597,0
ID56598,0
ID56599,1
ID56600,0
ID56601,0
ID56602,1
ID56603,0
ID56604,0
ID56605,1
ID56606,1
ID56607,1
ID56608,1
ID56609,0
ID56610,0
ID56611,0
ID56612,0
ID56613,1
ID56614,1
ID56615,1
ID56616,0
ID56617,0
ID56618,0
ID56619,0
ID56620,1
ID56621,0
ID56622,0
ID56623,0
ID56624,0
ID56625,1
ID56626,0
ID56627,1
ID56628,0
ID56629,0
ID56630,0
ID56631,1
ID56632,0
ID56633,1
ID56634,1
ID56635,0
ID56636,1
ID56637,0
ID56638,0
ID56639,1
ID56640,1
ID56641,0
ID56642,0
ID56643,0
ID56644,0
ID56645,1
ID56646,0
ID56647,0
ID56648,1
ID56649,0
ID56650,0
ID56651,0
ID56652,0
ID56653,0
ID56654,0
ID56655,0
ID56656,0
ID56657,1
ID56658,1
ID56659,0
ID56660,1
ID56661,0
ID56662,0
ID56663,0
ID56664,1
ID56665,0
ID56666,1
ID56667,1
ID56668,0
ID56669,1
ID56670,1
ID56671,1
ID56672,1
ID56673,0
ID56674,1
ID56675,1
ID56676,1
ID56677,0
ID56678,0
ID56679,1
ID56680,1
ID56681,1
ID56682,1
ID56683,0
ID56684,0
ID56685,1
ID56686,0
ID56687,1
ID56688,1
ID56689,1
ID56690,1
ID56691,1
ID56692,0
ID56693,1
ID56694,1
ID56695,0
ID56696,0
ID56697,0
ID56698,0
ID56699,1
ID56700,0
ID56701,1
ID56702,0
ID56703,1
ID56704,0
ID56705,1
ID56706,1
ID56707,1
ID56708,1
ID56709,1
ID56710,1
ID56711,1
ID56712,1
ID56713,1
ID56714,1
ID56715,1
ID56716,0
ID56717,0
ID56718,0
ID56719,1
ID56720,0
ID56721,1
ID56722,0
ID56723,0
ID56724,0
ID56725,1
ID56726,0
ID56727,0
ID56728,1
ID56729,0
ID56730,0
ID56731,1
ID56732,0
ID56733,1
ID56734,0
ID56735,1
ID56736,0
ID56737,1
ID56738,1
ID56739,1
ID56740,0
ID56741,1
ID56742,1
ID56743,0
ID56744,0
ID56745,1
ID56746,1
ID56747,0
ID56748,1
ID56749,1
ID56750,0
ID56751,0
ID56752,0
ID56753,1
ID56754,1
ID56755,0
ID56756,1
ID56757,1
ID56758,0
ID56759,0
ID56760,1
ID56761,1
ID56762,1
ID56763,0
ID56764,1
ID56765,0
ID56766,1
ID56767,0
ID56768,1
ID56769,1
ID56770,1
ID56771,1
ID56772,0
ID56773,0
ID56774,0
ID56775,0
ID56776,0
ID56777,1
ID56778,0
ID56779,1
ID56780,1
ID56781,1
ID56782,0
ID56783,1
ID56784,1
ID56785,1
ID56786,1
ID56787,0
ID56788,1
ID56789,1
ID56790,1
ID56791,0
ID56792,0
ID56793,1
ID56794,0
ID56795,1
ID56796,0
ID56797,1
ID56798,1
ID56799,1
ID56800,0
ID56801,1
ID56802,1
ID56803,1
ID56804,1
ID56805,1
ID56806,0
ID56807,0
ID56808,0
ID56809,1
ID56810,1
ID56811,1
ID56812,0
ID56813,1
ID56814,1
ID56815,0
ID56816,1
ID56817,1
ID56818,0
ID56819,1
ID56820,0
ID56821,1
ID56822,0
ID56823,1
ID56824,1
ID56825,1
ID56826,1
ID56827,1
ID56828,1
ID56829,0
ID56830,0
ID56831,1
ID56832,1
ID56833,1
ID56834,0
ID56835,1
ID56836,1
ID56837,1
ID56838,0
ID56839,0
ID56840,1
ID56841,1
ID56842,1
ID56843,1
ID56844,0
ID56845,0
ID56846,0
ID56847,1
ID56848,0
ID56849,0
ID56850,0
ID56851,1
ID56852,0
ID56853,0
ID56854,0
ID56855,0
ID56856,0
ID56857,0
ID56858,0
ID56859,0
ID56860,0
ID56861,1
ID56862,1
ID56863,1
ID56864,0
ID56865,1
ID56866,1
ID56867,0
ID56868,1
ID56869,0
ID56870,0
ID56871,0
ID56872,0
ID56873,0
ID56874,1
ID56875,1
ID56876,0
ID56877,1
ID56878,1
ID56879,1
ID56880,0
ID56881,0
ID56882,1
ID56883,1
ID56884,1
ID56885,0
ID56886,1
ID56887,1
ID56888,0
ID56889,1
ID56890,0
ID56891,0
ID56892,1
ID56893,1
ID56894,0
ID56895,0
ID56896,0
ID56897,0
ID56898,0
ID56899,0
ID56900,0
ID56901,0
ID56902,0
ID56903,1
ID56904,1
ID56905,1
ID56906,0
ID56907,0
ID56908,0
ID56909,1
ID56910,1
ID56911,1
ID56912,1
ID56913,0
ID56914,0
ID56915,0
ID56916,0
ID56917,1
ID56918,1
ID56919,1
ID56920,1
ID56921,0
ID56922,1
ID56923,1
ID56924,1
ID56925,1
ID56926,0
ID56927,0
ID56928,1
ID56929,1
ID56930,0
ID56931,0
ID56932,1
ID56933,1
ID56934,0
ID56935,0
ID56936,0
ID56937,0
ID56938,0
ID56939,0
ID56940,1
ID56941,0
ID56942,0
ID56943,1
ID56944,1
ID56945,0
ID56946,0
ID56947,0
ID56948,1
ID56949,0
ID56950,1
ID56951,1
ID56952,1
ID56953,0
ID56954,0
ID56955,1
ID56956,1
ID56957,1
ID56958,0
ID56959,1
ID56960,1
ID56961,0
ID56962,0
ID56963,0
ID56964,0
ID56965,1
ID56966,0
ID56967,1
ID56968,1
ID56969,0
ID56970,0
ID56971,1
ID56972,0
ID56973,0
ID56974,0
ID56975,1
ID56976,0
ID56977,0
ID56978,1
ID56979,0
ID56980,1
ID56981,1
ID56982,1
ID56983,1
ID56984,0
ID56985,1
ID56986,0
ID56987,0
ID56988,1
ID56989,0
ID56990,1
ID56991,1
ID56992,1
ID56993,0
ID56994,0
ID56995,1
ID56996,0
ID56997,0
ID56998,0
ID56999,1
ID57000,1
ID57001,0
ID57002,0
ID57003,0
ID57004,1
ID57005,1
ID57006,0
ID57007,1
ID57008,1
ID57009,0
ID57010,0
ID57011,0
ID57012,1
ID57013,1
ID57014,0
ID57015,1
ID57016,0
ID57017,1
ID57018,1
ID57019,1
ID57020,0
ID57021,1
ID57022,0
ID57023,0
ID57024,1
ID57025,1
ID57026,0
ID57027,0
ID57028,1
ID57029,0
ID57030,0
ID57031,0
ID57032,0
ID57033,0
ID57034,0
ID57035,0
ID57036,0
ID57037,1
ID57038,0
ID57039,0
ID57040,1
ID57041,0
ID57042,1
ID57043,1
ID57044,1
ID57045,1
ID57046,1
ID57047,0
ID57048,0
ID57049,0
ID57050,1
ID57051,1
ID57052,1
ID57053,0
ID57054,0
ID57055,1
ID57056,0
ID57057,1
ID57058,0
ID57059,0
ID57060,0
ID57061,1
ID57062,0
ID57063,1
ID57064,0
ID57065,0
ID57066,1
ID57067,0
ID57068,0
ID57069,1
ID57070,0
ID57071,1
ID57072,1
ID57073,1
ID57074,0
ID57075,1
ID57076,1
ID57077,1
ID57078,1
ID57079,0
ID57080,0
ID57081,0
ID57082,1
ID57083,0
ID57084,0
ID57085,0
ID57086,0
ID57087,0
ID57088,0
ID57089,1
ID57090,0
ID57091,1
ID57092,1
ID57093,1
ID57094,1
ID57095,0
ID57096,0
ID57097,0
ID57098,0
ID57099,0
ID57100,1
ID57101,1
ID57102,0
ID57103,1
ID57104,0
ID57105,0
ID57106,0
ID57107,0
ID57108,1
ID57109,1
ID57110,1
ID57111,0
ID57112,0
ID57113,1
ID57114,0
ID57115,0
ID57116,1
ID57117,1
ID57118,1
ID57119,1
ID57120,0
ID57121,1
ID57122,0
ID57123,0
ID57124,1
ID57125,0
ID57126,1
ID57127,1
ID57128,0
ID57129,0
ID57130,1
ID57131,0
ID57132,1
ID57133,0
ID57134,0
ID57135,1
ID57136,1
ID57137,0
ID57138,0
ID57139,0
ID57140,0
ID57141,0
ID57142,0
ID57143,1
ID57144,1
ID57145,0
ID57146,0
ID57147,1
ID57148,0
ID57149,1
ID57150,0
ID57151,0
ID57152,0
ID57153,0
ID57154,1
ID57155,0
ID57156,0
ID57157,0
ID57158,0
ID57159,0
ID57160,1
ID57161,1
ID57162,1
ID57163,0
ID57164,0
ID57165,0
ID57166,1
ID57167,1
ID57168,1
ID57169,0
ID57170,1
ID57171,0
ID57172,1
ID57173,0
ID57174,1
ID57175,1
ID57176,1
ID57177,1
ID57178,0
ID57179,1
ID57180,0
ID57181,1
ID57182,1
ID57183,1
ID57184,1
ID57185,1
ID57186,1
ID57187,1
ID57188,1
ID57189,1
ID57190,1
ID57191,0
ID57192,0
ID57193,1
ID57194,0
ID57195,0
ID57196,1
ID57197,1
ID57198,1
ID57199,0
ID57200,1
ID57201,1
ID57202,0
ID57203,1
ID57204,0
ID57205,1
ID57206,1
ID57207,1
ID57208,1
ID57209,0
ID57210,1
ID57211,0
ID57212,0
ID57213,1
ID57214,0
ID57215,1
ID57216,0
ID57217,1
ID57218,0
ID57219,1
ID57220,1
ID57221,0
ID57222,0
ID57223,0
ID57224,0
ID57225,1
ID57226,1
ID57227,0
ID57228,1
ID57229,1
ID57230,0
ID57231,1
ID57232,0
ID57233,0
ID57234,1
ID57235,0
ID57236,1
ID57237,0
ID57238,1
ID57239,1
ID57240,0
ID57241,1
ID57242,0
ID57243,0
ID57244,1
ID57245,1
ID57246,0
ID57247,1
ID57248,0
ID57249,1
ID57250,0
ID57251,0
ID57252,0
ID57253,0
ID57254,0
ID57255,1
ID57256,1
ID57257,0
ID57258,1
ID57259,1
ID57260,0
ID57261,1
ID57262,1
ID57263,1
ID57264,0
ID57265,0
ID57266,1
ID57267,1
ID57268,1
ID57269,0
ID57270,1
ID57271,1
ID57272,0
ID57273,1
ID57274,1
ID57275,0
ID57276,1
ID57277,0
ID57278,0
ID57279,0
ID57280,1
ID57281,0
ID57282,0
ID57283,1
ID57284,1
ID57285,1
ID57286,1
ID57287,0
ID57288,1
ID57289,1
ID57290,0
ID57291,1
ID57292,0
ID57293,1
ID57294,1
ID57295,0
ID57296,0
ID57297,0
ID57298,0
ID57299,0
ID57300,1
ID57301,0
ID57302,1
ID57303,0
ID57304,0
ID57305,0
ID57306,0
ID57307,1
ID57308,0
ID57309,0
ID57310,1
ID57311,1
ID57312,1
ID57313,0
ID57314,1
ID57315,1
ID57316,0
ID57317,0
ID57318,1
ID57319,0
ID57320,1
ID57321,0
ID57322,1
ID57323,0
ID57324,1
ID57325,1
ID57326,0
ID57327,0
ID57328,1
ID57329,1
ID57330,0
ID57331,1
ID57332,1
ID57333,0
ID57334,0
ID57335,0
ID57336,1
ID57337,1
ID57338,0
ID57339,1
ID57340,1
ID57341,1
ID57342,0
ID57343,0
ID57344,0
ID57345,1
ID57346,0
ID57347,0
ID57348,0
ID57349,0
ID57350,1
ID57351,1
ID57352,0
ID57353,1
ID57354,0
ID57355,0
ID57356,1
ID57357,0
ID57358,0
ID57359,0
ID57360,0
ID57361,0
ID57362,0
ID57363,1
ID57364,0
ID57365,1
ID57366,0
ID57367,1
ID57368,1
ID57369,0
ID57370,0
ID57371,1
ID57372,0
ID57373,1
ID57374,0
ID57375,0
ID57376,0
ID57377,1
ID57378,1
ID57379,1
ID57380,1
ID57381,0
ID57382,1
ID57383,0
ID57384,0
ID57385,1
ID57386,1
ID57387,0
ID57388,0
ID57389,0
ID57390,1
ID57391,0
ID57392,1
ID57393,0
ID57394,0
ID57395,1
ID57396,1
ID57397,0
ID57398,0
ID57399,1
ID57400,0
ID57401,1
ID57402,1
ID57403,0
ID57404,0
ID57405,1
ID57406,0
ID57407,0
ID57408,1
ID57409,0
ID57410,0
ID57411,1
ID57412,1
ID57413,0
ID57414,0
ID57415,0
ID57416,1
ID57417,0
ID57418,0
ID57419,0
ID57420,1
ID57421,0
ID57422,1
ID57423,1
ID57424,0
ID57425,0
ID57426,1
ID57427,1
ID57428,0
ID57429,0
ID57430,1
ID57431,0
ID57432,1
ID57433,1
ID57434,1
ID57435,1
ID57436,1
ID57437,0
ID57438,0
ID57439,0
ID57440,1
ID57441,1
ID57442,0
ID57443,0
ID57444,1
ID57445,0
ID57446,0
ID57447,1
ID57448,0
ID57449,0
ID57450,0
ID57451,0
ID57452,1
ID57453,1
ID57454,1
ID57455,1
ID57456,1
ID57457,0
ID57458,1
ID57459,1
ID57460,1
ID57461,0
ID57462,0
ID57463,1
ID57464,1
ID57465,1
ID57466,0
ID57467,0
ID57468,1
ID57469,1
ID57470,1
ID57471,0
ID57472,1
ID57473,0
ID57474,1
ID57475,0
ID57476,0
ID57477,1
ID57478,1
ID57479,1
ID57480,1
ID57481,1
ID57482,0
ID57483,0
ID57484,0
ID57485,1
ID57486,0
ID57487,0
ID57488,1
ID57489,0
ID57490,1
ID57491,1
ID57492,0
ID57493,0
ID57494,0
ID57495,0
ID57496,1
ID57497,0
ID57498,0
ID57499,1
ID57500,1
ID57501,1
ID57502,0
ID57503,0
ID57504,1
ID57505,0
ID57506,0
ID57507,1
ID57508,0
ID57509,0
ID57510,1
ID57511,0
ID57512,1
ID57513,1
ID57514,0
ID57515,1
ID57516,0
ID57517,1
ID57518,0
ID57519,0
ID57520,1
ID57521,0
ID57522,1
ID57523,1
ID57524,0
ID57525,1
ID57526,1
ID57527,0
ID57528,0
ID57529,0
ID57530,0
ID57531,1
ID57532,1
ID57533,1
ID57534,1
ID57535,0
ID57536,0
ID57537,1
ID57538,0
ID57539,1
ID57540,0
ID57541,1
ID57542,1
ID57543,1
ID57544,1
ID57545,1
ID57546,0
ID57547,0
ID57548,0
ID57549,0
ID57550,1
ID57551,1
ID57552,1
ID57553,1
ID57554,0
ID57555,0
ID57556,1
ID57557,0
ID57558,1
ID57559,1
ID57560,1
ID57561,1
ID57562,0
ID57563,1
ID57564,0
ID57565,0
ID57566,0
ID57567,0
ID57568,1
ID57569,1
ID57570,0
ID57571,1
ID57572,1
ID57573,1
ID57574,0
ID57575,0
ID57576,0
ID57577,0
ID57578,0
ID57579,0
ID57580,1
ID57581,1
ID57582,0
ID57583,1
ID57584,0
ID57585,1
ID57586,1
ID57587,1
ID57588,0
ID57589,0
ID57590,1
ID57591,0
ID57592,1
ID57593,1
ID57594,0
ID57595,1
ID57596,0
ID57597,0
ID57598,0
ID57599,1
ID57600,0
ID57601,0
ID57602,0
ID57603,0
ID57604,0
ID57605,1
ID57606,1
ID57607,1
ID57608,0
ID57609,1
ID57610,0
ID57611,1
ID57612,0
ID57613,0
ID57614,1
ID57615,0
ID57616,0
ID57617,1
ID57618,0
ID57619,1
ID57620,1
ID57621,0
ID57622,1
ID57623,1
ID57624,1
ID57625,1
ID57626,1
ID57627,1
ID57628,0
ID57629,1
ID57630,0
ID57631,0
ID57632,0
ID57633,1
ID57634,0
ID57635,0
ID57636,0
ID57637,0
ID57638,1
ID57639,0
ID57640,0
ID57641,1
ID57642,1
ID57643,0
ID57644,0
ID57645,0
ID57646,1
ID57647,0
ID57648,0
ID57649,0
ID57650,1
ID57651,0
ID57652,0
ID57653,0
ID57654,0
ID57655,0
ID57656,0
ID57657,1
ID57658,0
ID57659,1
ID57660,0
ID57661,1
ID57662,0
ID57663,0
ID57664,0
ID57665,1
ID57666,1
ID57667,1
ID57668,0
ID57669,0
ID57670,1
ID57671,0
ID57672,0
ID57673,0
ID57674,1
ID57675,1
ID57676,1
ID57677,1
ID57678,0
ID57679,0
ID57680,1
ID57681,0
ID57682,0
ID57683,1
ID57684,1
ID57685,0
ID57686,0
ID57687,0
ID57688,0
ID57689,1
ID57690,1
ID57691,0
ID57692,1
ID57693,0
ID57694,0
ID57695,0
ID57696,0
ID57697,1
ID57698,1
ID57699,0
ID57700,0
ID57701,0
ID57702,0
ID57703,0
ID57704,1
ID57705,1
ID57706,1
ID57707,1
ID57708,1
ID57709,0
ID57710,1
ID57711,1
ID57712,0
ID57713,0
ID57714,1
ID57715,1
ID57716,0
ID57717,1
ID57718,0
ID57719,0
ID57720,0
ID57721,0
ID57722,1
ID57723,1
ID57724,0
ID57725,0
ID57726,1
ID57727,0
ID57728,1
ID57729,0
ID57730,0
ID57731,0
ID57732,1
ID57733,0
ID57734,0
ID57735,0
ID57736,0
ID57737,1
ID57738,1
ID57739,1
ID57740,0
ID57741,1
ID57742,0
ID57743,1
ID57744,1
ID57745,0
ID57746,1
ID57747,0
ID57748,1
ID57749,0
ID57750,1
ID57751,1
ID57752,1
ID57753,0
ID57754,0
ID57755,0
ID57756,1
ID57757,0
ID57758,0
ID57759,0
ID57760,1
ID57761,1
ID57762,1
ID57763,0
ID57764,1
ID57765,0
ID57766,0
ID57767,0
ID57768,1
ID57769,0
ID57770,1
ID57771,1
ID57772,0
ID57773,1
ID57774,1
ID57775,1
ID57776,1
ID57777,0
ID57778,1
ID57779,0
ID57780,1
ID57781,1
ID57782,0
ID57783,1
ID57784,1
ID57785,0
ID57786,1
ID57787,0
ID57788,1
ID57789,1
ID57790,1
ID57791,0
ID57792,0
ID57793,1
ID57794,1
ID57795,0
ID57796,0
ID57797,1
ID57798,0
ID57799,0
ID57800,1
ID57801,1
ID57802,0
ID57803,1
ID57804,0
ID57805,1
ID57806,0
ID57807,0
ID57808,0
ID57809,0
ID57810,0
ID57811,0
ID57812,1
ID57813,0
ID57814,1
ID57815,1
ID57816,0
ID57817,1
ID57818,0
ID57819,0
ID57820,0
ID57821,1
ID57822,0
ID57823,1
ID57824,0
ID57825,0
ID57826,1
ID57827,0
ID57828,1
ID57829,1
ID57830,1
ID57831,1
ID57832,1
ID57833,1
ID57834,0
ID57835,0
ID57836,0
ID57837,0
ID57838,1
ID57839,1
ID57840,1
ID57841,0
ID57842,1
ID57843,1
ID57844,0
ID57845,0
ID57846,0
ID57847,0
ID57848,0
ID57849,1
ID57850,0
ID57851,1
ID57852,0
ID57853,0
ID57854,0
ID57855,0
ID57856,0
ID57857,0
ID57858,0
ID57859,0
ID57860,0
ID57861,0
ID57862,0
ID57863,0
ID57864,0
ID57865,0
ID57866,0
ID57867,0
ID57868,0
ID57869,0
ID57870,0
ID57871,1
ID57872,0
ID57873,0
ID57874,1
ID57875,0
ID57876,1
ID57877,1
ID57878,1
ID57879,1
ID57880,0
ID57881,1
ID57882,0
ID57883,0
ID57884,1
ID57885,1
ID57886,1
ID57887,0
ID57888,1
ID57889,0
ID57890,1
ID57891,0
ID57892,1
ID57893,0
ID57894,1
ID57895,1
ID57896,1
ID57897,0
ID57898,0
ID57899,1
ID57900,1
ID57901,1
ID57902,1
ID57903,0
ID57904,1
ID57905,0
ID57906,1
ID57907,1
ID57908,1
ID57909,0
ID57910,1
ID57911,1
ID57912,1
ID57913,0
ID57914,0
ID57915,0
ID57916,1
ID57917,0
ID57918,0
ID57919,1
ID57920,1
ID57921,0
ID57922,0
ID57923,0
ID57924,1
ID57925,0
ID57926,0
ID57927,0
ID57928,1
ID57929,1
ID57930,0
ID57931,0
ID57932,1
ID57933,1
ID57934,1
ID57935,0
ID57936,1
ID57937,0
ID57938,1
ID57939,1
ID57940,0
ID57941,0
ID57942,0
ID57943,0
ID57944,1
ID57945,1
ID57946,0
ID57947,0
ID57948,0
ID57949,0
ID57950,0
ID57951,0
ID57952,0
ID57953,0
ID57954,0
ID57955,0
ID57956,1
ID57957,1
ID57958,1
ID57959,0
ID57960,1
ID57961,1
ID57962,1
ID57963,0
ID57964,0
ID57965,1
ID57966,0
ID57967,1
ID57968,1
ID57969,1
ID57970,1
ID57971,1
ID57972,1
ID57973,1
ID57974,0
ID57975,1
ID57976,1
ID57977,0
ID57978,0
ID57979,0
ID57980,1
ID57981,0
ID57982,1
ID57983,0
ID57984,1
ID57985,1
ID57986,1
ID57987,1
ID57988,0
ID57989,1
ID57990,0
ID57991,1
ID57992,0
ID57993,1
ID57994,0
ID57995,0
ID57996,1
ID57997,0
ID57998,1
ID57999,0
ID58000,0
ID58001,0
ID58002,0
ID58003,0
ID58004,0
ID58005,0
ID58006,1
ID58007,1
ID58008,0
ID58009,1
ID58010,1
ID58011,0
ID58012,1
ID58013,1
ID58014,1
ID58015,0
ID58016,1
ID58017,0
ID58018,1
ID58019,0
ID58020,0
ID58021,0
ID58022,0
ID58023,1
ID58024,1
ID58025,0
ID58026,0
ID58027,1
ID58028,1
ID58029,0
ID58030,1
ID58031,0
ID58032,1
ID58033,0
ID58034,0
ID58035,1
ID58036,0
ID58037,1
ID58038,0
ID58039,1
ID58040,1
ID58041,0
ID58042,1
ID58043,0
ID58044,1
ID58045,0
ID58046,0
ID58047,1
ID58048,0
ID58049,0
ID58050,1
ID58051,1
ID58052,1
ID58053,1
ID58054,1
ID58055,0
ID58056,1
ID58057,1
ID58058,1
ID58059,1
ID58060,0
ID58061,0
ID58062,1
ID58063,0
ID58064,0
ID58065,1
ID58066,1
ID58067,0
ID58068,1
ID58069,0
ID58070,0
ID58071,0
ID58072,1
ID58073,0
ID58074,0
ID58075,0
ID58076,1
ID58077,1
ID58078,1
ID58079,1
ID58080,0
ID58081,1
ID58082,0
ID58083,1
ID58084,1
ID58085,1
ID58086,1
ID58087,1
ID58088,1
ID58089,1
ID58090,0
ID58091,1
ID58092,1
ID58093,0
ID58094,1
ID58095,0
ID58096,0
ID58097,0
ID58098,0
ID58099,1
ID58100,1
ID58101,0
ID58102,0
ID58103,0
ID58104,1
ID58105,1
ID58106,1
ID58107,0
ID58108,0
ID58109,0
ID58110,1
ID58111,0
ID58112,1
ID58113,1
ID58114,1
ID58115,0
ID58116,0
ID58117,0
ID58118,0
ID58119,0
ID58120,0
ID58121,0
ID58122,0
ID58123,0
ID58124,0
ID58125,0
ID58126,0
ID58127,1
ID58128,0
ID58129,0
ID58130,1
ID58131,0
ID58132,0
ID58133,1
ID58134,1
ID58135,0
ID58136,1
ID58137,0
ID58138,0
ID58139,0
ID58140,0
ID58141,1
ID58142,1
ID58143,0
ID58144,1
ID58145,1
ID58146,0
ID58147,1
ID58148,0
ID58149,1
ID58150,1
ID58151,1
ID58152,0
ID58153,1
ID58154,0
ID58155,0
ID58156,0
ID58157,1
ID58158,0
ID58159,0
ID58160,1
ID58161,0
ID58162,1
ID58163,1
ID58164,0
ID58165,0
ID58166,1
ID58167,0
ID58168,0
ID58169,1
ID58170,1
ID58171,0
ID58172,0
ID58173,0
ID58174,1
ID58175,1
ID58176,0
ID58177,1
ID58178,0
ID58179,1
ID58180,0
ID58181,1
ID58182,1
ID58183,1
ID58184,1
ID58185,1
ID58186,1
ID58187,1
ID58188,1
ID58189,0
ID58190,0
ID58191,0
ID58192,0
ID58193,1
ID58194,1
ID58195,0
ID58196,1
ID58197,1
ID58198,0
ID58199,1
ID58200,1
ID58201,1
ID58202,0
ID58203,0
ID58204,0
ID58205,0
ID58206,1
ID58207,1
ID58208,1
ID58209,0
ID58210,1
ID58211,0
ID58212,0
ID58213,1
ID58214,1
ID58215,1
ID58216,1
ID58217,0
ID58218,1
ID58219,1
ID58220,0
ID58221,0
ID58222,1
ID58223,0
ID58224,0
ID58225,0
ID58226,1
ID58227,1
ID58228,1
ID58229,0
ID58230,0
ID58231,0
ID58232,1
ID58233,1
ID58234,0
ID58235,1
ID58236,0
ID58237,1
ID58238,1
ID58239,0
ID58240,1
ID58241,1
ID58242,0
ID58243,1
ID58244,1
ID58245,1
ID58246,1
ID58247,1
ID58248,0
ID58249,0
ID58250,1
ID58251,1
ID58252,0
ID58253,0
ID58254,0
ID58255,1
ID58256,0
ID58257,1
ID58258,1
ID58259,0
ID58260,1
ID58261,1
ID58262,0
ID58263,1
ID58264,0
ID58265,1
ID58266,0
ID58267,1
ID58268,0
ID58269,1
ID58270,0
ID58271,0
ID58272,1
ID58273,0
ID58274,0
ID58275,1
ID58276,1
ID58277,0
ID58278,0
ID58279,0
ID58280,1
ID58281,1
ID58282,1
ID58283,1
ID58284,1
ID58285,0
ID58286,0
ID58287,0
ID58288,0
ID58289,0
ID58290,0
ID58291,0
ID58292,1
ID58293,0
ID58294,0
ID58295,1
ID58296,1
ID58297,0
ID58298,1
ID58299,1
ID58300,0
ID58301,0
ID58302,1
ID58303,1
ID58304,1
ID58305,1
ID58306,1
ID58307,1
ID58308,1
ID58309,0
ID58310,0
ID58311,1
ID58312,0
ID58313,1
ID58314,0
ID58315,1
ID58316,1
ID58317,0
ID58318,1
ID58319,0
ID58320,0
ID58321,1
ID58322,1
ID58323,1
ID58324,1
ID58325,1
ID58326,1
ID58327,0
ID58328,0
ID58329,0
ID58330,0
ID58331,0
ID58332,1
ID58333,0
ID58334,1
ID58335,0
ID58336,0
ID58337,1
ID58338,0
ID58339,0
ID58340,0
ID58341,1
ID58342,1
ID58343,0
ID58344,0
ID58345,0
ID58346,1
ID58347,1
ID58348,1
ID58349,0
ID58350,0
ID58351,1
ID58352,1
ID58353,0
ID58354,0
ID58355,0
ID58356,0
ID58357,1
ID58358,1
ID58359,1
ID58360,0
ID58361,1
ID58362,1
ID58363,1
ID58364,1
ID58365,0
ID58366,1
ID58367,1
ID58368,1
ID58369,1
ID58370,1
ID58371,1
ID58372,0
ID58373,1
ID58374,1
ID58375,1
ID58376,0
ID58377,1
ID58378,0
ID58379,0
ID58380,0
ID58381,0
ID58382,0
ID58383,0
ID58384,0
ID58385,1
ID58386,1
ID58387,0
ID58388,1
ID58389,1
ID58390,0
ID58391,0
ID58392,0
ID58393,0
ID58394,0
ID58395,0
ID58396,0
ID58397,1
ID58398,1
ID58399,1
ID58400,0
ID58401,0
ID58402,0
ID58403,1
ID58404,1
ID58405,1
ID58406,1
ID58407,0
ID58408,0
ID58409,1
ID58410,1
ID58411,0
ID58412,0
ID58413,1
ID58414,1
ID58415,0
ID58416,0
ID58417,0
ID58418,1
ID58419,1
ID58420,1
ID58421,1
ID58422,0
ID58423,1
ID58424,1
ID58425,0
ID58426,0
ID58427,0
ID58428,1
ID58429,0
ID58430,0
ID58431,0
ID58432,0
ID58433,1
ID58434,1
ID58435,1
ID58436,1
ID58437,1
ID58438,1
ID58439,1
ID58440,0
ID58441,0
ID58442,0
ID58443,1
ID58444,0
ID58445,0
ID58446,0
ID58447,0
ID58448,1
ID58449,0
ID58450,0
ID58451,0
ID58452,1
ID58453,0
ID58454,0
ID58455,0
ID58456,1
ID58457,0
ID58458,1
ID58459,0
ID58460,0
ID58461,1
ID58462,0
ID58463,1
ID58464,0
ID58465,1
ID58466,1
ID58467,0
ID58468,0
ID58469,0
ID58470,1
ID58471,0
ID58472,0
ID58473,1
ID58474,1
ID58475,1
ID58476,0
ID58477,1
ID58478,1
ID58479,1
ID58480,1
ID58481,0
ID58482,1
ID58483,1
ID58484,0
ID58485,0
ID58486,0
ID58487,0
ID58488,0
ID58489,0
ID58490,1
ID58491,1
ID58492,0
ID58493,1
ID58494,0
ID58495,0
ID58496,0
ID58497,1
ID58498,1
ID58499,0
ID58500,1
ID58501,1
ID58502,1
ID58503,1
ID58504,0
ID58505,1
ID58506,0
ID58507,0
ID58508,0
ID58509,0
ID58510,1
ID58511,0
ID58512,1
ID58513,0
ID58514,1
ID58515,0
ID58516,1
ID58517,1
ID58518,0
ID58519,1
ID58520,0
ID58521,1
ID58522,1
ID58523,0
ID58524,1
ID58525,1
ID58526,1
ID58527,0
ID58528,1
ID58529,0
ID58530,1
ID58531,1
ID58532,0
ID58533,0
ID58534,0
ID58535,0
ID58536,0
ID58537,0
ID58538,0
ID58539,1
ID58540,1
ID58541,1
ID58542,1
ID58543,1
ID58544,1
ID58545,1
ID58546,1
ID58547,1
ID58548,1
ID58549,1
ID58550,0
ID58551,1
ID58552,1
ID58553,1
ID58554,1
ID58555,1
ID58556,0
ID58557,1
ID58558,0
ID58559,0
ID58560,0
ID58561,0
ID58562,0
ID58563,1
ID58564,1
ID58565,0
ID58566,1
ID58567,0
ID58568,1
ID58569,0
ID58570,0
ID58571,0
ID58572,0
ID58573,0
ID58574,1
ID58575,0
ID58576,1
ID58577,1
ID58578,0
ID58579,0
ID58580,1
ID58581,1
ID58582,0
ID58583,0
ID58584,0
ID58585,0
ID58586,0
ID58587,1
ID58588,0
ID58589,1
ID58590,0
ID58591,1
ID58592,0
